file_urls,type,model,brand,product,thumb,url,source,product_lang
https://www.maxx-world.de/media/catalog/product/0/2/02753_de-en-fr-nl_a5_v1_gallin.pdf,Bedienungsanleitung,02753600125,VITALmaxx, Vibrationstrainer ,https://www.maxx-world.de/media/catalog/product/cache/6/image/650x/040ec09b1e35df139433887a97daa66f/2/7/2753_02.jpg,https://www.maxx-world.de/marken/vitalmaxx/vitalmaxx-vibrationstrainer-99-vibrationsstufen-schwarz,maxx-world.de,de
https://www.maxx-world.de/media/catalog/product/0/2/02033_inlay_de-en-fr-es-it_210x140_v1_os.pdf,Bedienungsanleitung,02033200400,N8WERK, Kaffeebereiter Edelstahl Coffee,https://www.maxx-world.de/media/catalog/product/cache/6/image/650x/040ec09b1e35df139433887a97daa66f/2/0/2033_01.jpg,https://www.maxx-world.de/marken/n8werk/n8werk-kaffeebereiter-edelstahl-coffee-press-system-800-ml-midnight-edition,maxx-world.de,de
https://www.maxx-world.de/media/catalog/product/0/2/02678_de-gb-fr-nl_v4_gallin.pdf,Bedienungsanleitung,02678200151,VITALmaxx, Trainingsgerät fitmaxx 5 in Schwarz,https://www.maxx-world.de/media/catalog/product/cache/6/image/650x/040ec09b1e35df139433887a97daa66f/2/6/2678_01_1.jpg,https://www.maxx-world.de/marken/vitalmaxx/vitalmaxx-trainingsgeraet-fitmaxx-5-in-schwarz,maxx-world.de,de
https://www.maxx-world.de/media/catalog/product/0/2/02095__02363__04180__04184__04189_de-en-fr-nl_a5_v3_gallin.pdf,Bedienungsanleitung,02095200125,GOURMETmaxx, Heißluft,https://www.maxx-world.de/media/catalog/product/cache/6/image/650x/040ec09b1e35df139433887a97daa66f/2/0/2095_02.jpg,https://www.maxx-world.de/marken/gourmetmaxx/gourmetmaxx-heissluft-fritteuse-digital-fritteuse-ofen-drehgrill-in-einem-schwarz,maxx-world.de,de
https://www.maxx-world.de/media/catalog/product/0/4/04888_inlay_de-en-fr-nl_a5_v1.pdf,Bedienungsanleitung,04888200125,GOURMETmaxx, Heißluft,https://www.maxx-world.de/media/catalog/product/cache/6/image/650x/040ec09b1e35df139433887a97daa66f/4/8/4888_03.jpg,https://www.maxx-world.de/marken/gourmetmaxx/gourmetmaxx-heissluft-fritteuse-digital-12l-1800w-edelstahl-schwarz,maxx-world.de,de
https://www.maxx-world.de/media/catalog/product/0/2/02095__02363__04180__04184__04189_inlay_de-en-fr-nl_a5_v4_gallin.pdf,Bedienungsanleitung,02363500125,GOURMETmaxx, Heißluft,https://www.maxx-world.de/media/catalog/product/cache/6/image/650x/040ec09b1e35df139433887a97daa66f/2/3/2363_02.jpg,https://www.maxx-world.de/marken/gourmetmaxx/gourmetmaxx-heissluft-fritteuse-digital-9in1-1800-watt-rot,maxx-world.de,de
https://www.maxx-world.de/media/catalog/product/0/9/09191_de-en-fr-es-it_a5_v1_os.pdf,Bedienungsanleitung,09191200100,N8WERK, Nutrition Mixer in der Midnight Edition,https://www.maxx-world.de/media/catalog/product/cache/6/image/650x/040ec09b1e35df139433887a97daa66f/9/1/9191_01.jpg,https://www.maxx-world.de/marken/n8werk/n8werk-nutrition-mixer-in-der-midnight-edition,maxx-world.de,de
https://www.maxx-world.de/media/catalog/product/0/3/03774_de-en-fr-nl_a5_v2.1_gallin.pdf,Bedienungsanleitung,03774200425,VITALmaxx, Shiatsu,https://www.maxx-world.de/media/catalog/product/cache/6/image/650x/040ec09b1e35df139433887a97daa66f/3/7/3774_01.jpg,https://www.maxx-world.de/marken/vitalmaxx/vitalmaxx-shiatsu-massagegeraet-nacken-in-grau-lila-mit-guertel,maxx-world.de,de
https://www.maxx-world.de/media/catalog/product/0/9/09511_09512_de-en-fr-nl_a4_v1_gallin_1.pdf,Bedienungsanleitung,09512200125,VITALmaxx, Matratzen,https://www.maxx-world.de/media/catalog/product/cache/6/image/650x/040ec09b1e35df139433887a97daa66f/9/5/9512_02.jpg,https://www.maxx-world.de/marken/vitalmaxx/vitalmaxx-matratzen-topper-comfort-140x200cm,maxx-world.de,de
https://www.maxx-world.de/media/catalog/product/0/2/02651_de-en-fr-nl_a5_v1_gallin.pdf,Bedienungsanleitung,02651200125,GOURMETmaxx, Waffeleisen für Belgische Waffeln mit Keramikbeschichtung ,https://www.maxx-world.de/media/catalog/product/cache/6/image/650x/040ec09b1e35df139433887a97daa66f/2/6/2651frei.jpg,https://www.maxx-world.de/marken/gourmetmaxx/gourmetmaxx-waffeleisen-fuer-belgische-waffeln-mit-keramikbeschichtung,maxx-world.de,de
https://www.maxx-world.de/media/catalog/product/m/m/mm4_de-en-fr-nl_a5_v5_gallin.pdf,Bedienungsanleitung,04389200251,GOURMETmaxx, Mr. Magic 4,https://www.maxx-world.de/media/catalog/product/cache/6/image/650x/040ec09b1e35df139433887a97daa66f/m/a/main_1.jpg,https://www.maxx-world.de/marken/gourmetmaxx/gourmetmaxx-mr-magic-4-tlg-in-schwarz-silber,maxx-world.de,de
https://www.maxx-world.de/media/catalog/product/0/9/09745_de-en-fr-nl_a5_v3_gallin.pdf,Bedienungsanleitung,09745200225,GOURMETmaxx, Mr. Magic 250 W rot/weiß,https://www.maxx-world.de/media/catalog/product/cache/6/image/650x/040ec09b1e35df139433887a97daa66f/9/7/9745_02.jpg,https://www.maxx-world.de/marken/gourmetmaxx/gourmetmaxx-mr-magic-250-w-rot-weiss,maxx-world.de,de
https://www.maxx-world.de/media/catalog/product/0/7/07707_inlay_de-en-fr-es-it_a5_n8w_v1_gallin.pdf,Bedienungsanleitung,07707100100,N8WERK, Premium Waffeleisen Midnight Edition ,https://www.maxx-world.de/media/catalog/product/cache/6/image/650x/040ec09b1e35df139433887a97daa66f/7/7/7707_01_1.jpg,https://www.maxx-world.de/marken/n8werk/n8werk-premium-waffeleisen-midnight-edition-1600-w-5-programme-7-braeunungsstufen,maxx-world.de,de
https://www.maxx-world.de/media/catalog/product/0/7/07760_de-en-fr-nl_a5_v1.2_gallin.pdf,Bedienungsanleitung,07760200225,GOURMETmaxx, Tischgrill ,https://www.maxx-world.de/media/catalog/product/cache/6/image/650x/040ec09b1e35df139433887a97daa66f/7/7/7760_03.jpg,https://www.maxx-world.de/marken/gourmetmaxx/gourmetmaxx-tischgrill-rauchfrei-max-220-c-schwarz-kupfer,maxx-world.de,de
https://www.maxx-world.de/media/catalog/product/0/4/04834_04837_inlay_de-en-fr-nl_a5_v1_gallin.pdf,Bedienungsanleitung,04837200125,GOURMETmaxx, Mini,https://www.maxx-world.de/media/catalog/product/cache/6/image/650x/040ec09b1e35df139433887a97daa66f/4/8/4837_03.jpg,https://www.maxx-world.de/marken/gourmetmaxx/gourmetmaxx-mini-kuehlschrank-retro-zum-warm-kuehlhalten-mint,maxx-world.de,de
https://www.maxx-world.de/media/catalog/product/0/4/04425_de-en-fr-nl_a4_v1_gallin_1.pdf,Bedienungsanleitung,01662100198,GOURMETmaxx, Messerschärfer 3in1 silber ,https://www.maxx-world.de/media/catalog/product/cache/6/image/650x/040ec09b1e35df139433887a97daa66f/4/4/4425_02_1.jpg,https://www.maxx-world.de/marken/gourmetmaxx/gourmetmaxx-messerschaerfer-3in1-silber-2er-set,maxx-world.de,de
https://www.maxx-world.de/media/catalog/product/0/4/04425_de-en-fr-nl_a4_v1_gallin.pdf,Bedienungsanleitung,04425200425,GOURMETmaxx, Messerschärfer ,https://www.maxx-world.de/media/catalog/product/cache/6/image/650x/040ec09b1e35df139433887a97daa66f/4/4/4425_02.jpg,https://www.maxx-world.de/marken/gourmetmaxx/gourmetmaxx-messerschaerfer-3-schleifwinkel,maxx-world.de,de
https://www.maxx-world.de/media/catalog/product/0/9/09690_inlay_de-en-fr-nl_a5_v1_os.pdf,Bedienungsanleitung,09690200100,MAXXMEE, Heißluft,https://www.maxx-world.de/media/catalog/product/cache/6/image/650x/040ec09b1e35df139433887a97daa66f/9/6/9690_09.jpg,https://www.maxx-world.de/marken/maxxmee/maxxmee-heissluft-ofen-digital-18-l-fassungsvermoegen-schwarz-edelstahl,maxx-world.de,de
https://www.maxx-world.de/media/catalog/product/t/g/tgk_de-en-fr-nl_a5_v2_gallin.pdf,Bedienungsanleitung,07277200226,GOURMETmaxx, Turbo,https://www.maxx-world.de/media/catalog/product/cache/6/image/650x/040ec09b1e35df139433887a97daa66f/7/2/7277_01.jpg,https://www.maxx-world.de/marken/gourmetmaxx/gourmetmaxx-turbo-grill-2in1-mit-keramikbeschichtung,maxx-world.de,de
https://www.maxx-world.de/media/catalog/product/0/4/04201_de-en-fr-nl_a5_v2_gallin.pdf,Bedienungsanleitung,04201200125,GOURMETmaxx, Nutrition Mixer Deluxe 11,https://www.maxx-world.de/media/catalog/product/cache/6/image/650x/040ec09b1e35df139433887a97daa66f/4/2/4201_16.jpg,https://www.maxx-world.de/marken/gourmetmaxx/gourmetmaxx-nutrition-mixer-deluxe-11-tlg-edelstahl-schwarz,maxx-world.de,de
https://www.maxx-world.de/media/catalog/product/0/3/03076_04818_04821_05291_05292_05313_08842_09272_de-en-fr-nl_a5_v5_gallin_3.pdf,Bedienungsanleitung,05313200100,GOURMETmaxx," Küchenmaschine Classico, rot",https://www.maxx-world.de/media/catalog/product/cache/6/image/650x/040ec09b1e35df139433887a97daa66f/5/3/5313_01_frei.jpg,https://www.maxx-world.de/marken/gourmetmaxx/gourmetmaxx-kuechenmaschine-classico-rot,maxx-world.de,de
https://www.maxx-world.de/media/catalog/product/0/2/02365_02383_02783_02793_02799_02819_inlay_de-en-fr-nl_a5_v4.1_gallin_3.pdf,Bedienungsanleitung,02819200125,GOURMETmaxx, Heißluft,https://www.maxx-world.de/media/catalog/product/cache/6/image/650x/040ec09b1e35df139433887a97daa66f/2/8/2819_03.jpg,https://www.maxx-world.de/marken/gourmetmaxx/gourmetmaxx-heissluft-fritteuse-digital-2-5l-1500w-schwarz-rose,maxx-world.de,de
https://www.maxx-world.de/media/catalog/product/0/3/03535_de-en-fr-nl_a4_v1_1_gallin.pdf,Bedienungsanleitung,03535200325,GOURMETmaxx, Glas,https://www.maxx-world.de/media/catalog/product/cache/6/image/650x/040ec09b1e35df139433887a97daa66f/3/5/3535_01.jpg,https://www.maxx-world.de/marken/gourmetmaxx/gourmetmaxx-glas-frischhaltedosen-klick-it-8-tlg-limegreen,maxx-world.de,de
https://www.maxx-world.de/media/catalog/product/f/h/fhdki14_de-en-fr-nl_a4_v4_gallin.pdf,Bedienungsanleitung,02432100198,GOURMETmaxx, Frischhaltedosen Klick,https://www.maxx-world.de/media/catalog/product/cache/6/image/650x/040ec09b1e35df139433887a97daa66f/0/2/02432.jpg,https://www.maxx-world.de/marken/gourmetmaxx/gourmetmaxx-frischhaltedosen-klick-it-28tlg-smaragdgruen,maxx-world.de,de
https://www.maxx-world.de/media/catalog/product/f/h/fhdki14_de-en-fr-nl_a4_v5_gallin.pdf,Bedienungsanleitung,02914200225,GOURMETmaxx, Frischhaltedosen Klick,https://www.maxx-world.de/media/catalog/product/cache/6/image/650x/040ec09b1e35df139433887a97daa66f/2/9/2914_11.jpg,https://www.maxx-world.de/marken/gourmetmaxx/gourmetmaxx-frischhaltedosen-klick-it-14tlg-in-smaragdgruen,maxx-world.de,de
https://www.maxx-world.de/media/catalog/product/0/2/02166_02244_02209_02951_02952_02973_06882_08873_08874_de-en-fr-nl_a4_v3_gallin.pdf,Bedienungsanleitung,06882200451,GOURMETmaxx, Aufbewahrungs,https://www.maxx-world.de/media/catalog/product/cache/6/image/650x/040ec09b1e35df139433887a97daa66f/6/8/6882_02.jpg,https://www.maxx-world.de/marken/gourmetmaxx/gourmetmaxx-aufbewahrungs-schuesseln-glas-stapelbar-schwarz-weiss,maxx-world.de,de
https://www.maxx-world.de/media/catalog/product/0/5/05892_de-en-fr-nl_a4_v2_gallin.pdf,Bedienungsanleitung,05892100100,GOURMETmaxx,Röstschiene für die  Heißluft Fritteuse Deluxe,https://www.maxx-world.de/media/catalog/product/cache/6/image/650x/040ec09b1e35df139433887a97daa66f/5/8/5892_01.jpg,https://www.maxx-world.de/marken/gourmetmaxx/roestschiene-fuer-die-gourmetmaxx-heissluft-fritteuse-deluxe,maxx-world.de,de
https://www.maxx-world.de/media/catalog/product/0/7/07329_de-en-fr-nl_a5_v1_gallin.pdf,Bedienungsanleitung,07329200251,GOURMETmaxx, Zuckerwatte,https://www.maxx-world.de/media/catalog/product/cache/6/image/650x/040ec09b1e35df139433887a97daa66f/7/3/7329_01_frei.jpg,https://www.maxx-world.de/marken/gourmetmaxx/gourmetmaxx-zuckerwatte-maschine-500-w-in-rot-weiss,maxx-world.de,de
https://www.maxx-world.de/media/catalog/product/0/0/00444_inlay_de-en-fr-nl_a5_v1_os.pdf,Bedienungsanleitung,00444200100,MAXXMEE, Heißluft,https://www.maxx-world.de/media/catalog/product/cache/6/image/650x/040ec09b1e35df139433887a97daa66f/0/4/0444_04.jpg,https://www.maxx-world.de/marken/maxxmee/maxxmee-heissluft-fritteuse-digital-4l-1400w,maxx-world.de,de
https://www.maxx-world.de/media/catalog/product/0/3/03000_inlay_de-en-fr-nl_a5_v1_os.pdf,Bedienungsanleitung,03000200100,MAXXMEE, Heißluft,https://www.maxx-world.de/media/catalog/product/cache/6/image/650x/040ec09b1e35df139433887a97daa66f/3/0/3000_04.jpg,https://www.maxx-world.de/marken/maxxmee/maxxmee-heissluft-fritteuse-digital-3l,maxx-world.de,de
https://www.maxx-world.de/media/catalog/product/0/5/05010_inlay_de-en-fr-nl_210x135_v2_os.pdf,Bedienungsanleitung,05010200600,MAXXMEE, Hair Curler Profi mit 5 Aufsätzen + Hitze,https://www.maxx-world.de/media/catalog/product/cache/6/image/650x/040ec09b1e35df139433887a97daa66f/5/0/5010_02.jpg,https://www.maxx-world.de/marken/maxxmee/maxxmee-hair-curler-profi-mit-5-aufsaetzen-hitze-handschuh-schwarz,maxx-world.de,de
https://www.maxx-world.de/media/catalog/product/0/9/09550_inlay_de-en-fr-nl_a5_gallin.pdf,Bedienungsanleitung,09550200200,MAXXMEE, Kontakt,https://www.maxx-world.de/media/catalog/product/cache/6/image/650x/040ec09b1e35df139433887a97daa66f/9/5/9550_03.jpg,https://www.maxx-world.de/marken/maxxmee/maxxmee-kontakt-grill-mit-6-programmen-2000w,maxx-world.de,de
https://www.maxx-world.de/media/catalog/product/0/4/04067_inlay_de-en-nl-fr-es-it_a5_v2_os.pdf,Bedienungsanleitung,04067200400,MAXXMEE, Hemden,https://www.maxx-world.de/media/catalog/product/cache/6/image/650x/040ec09b1e35df139433887a97daa66f/4/0/4067_01_2.jpg,https://www.maxx-world.de/marken/maxxmee/maxxmee-hemden-blusenbuegler-kompakt-3-stufen-trocknungszeit-schwarz-silber,maxx-world.de,de
https://www.maxx-world.de/media/catalog/product/0/5/05100_inlay_a5_de-en-fr-nl_v2_os.pdf,Bedienungsanleitung,05100200100,MAXXMEE, Heizstrahler mit Standfuß ,https://www.maxx-world.de/media/catalog/product/cache/6/image/650x/040ec09b1e35df139433887a97daa66f/5/1/5100_02.jpg,https://www.maxx-world.de/marken/maxxmee/maxxmee-heizstrahler-mit-standfuss-3-verschiedene-heizstufen-schwarz,maxx-world.de,de
https://www.maxx-world.de/media/catalog/product/0/4/04234_210x138_de-en-fr-nl_v1_1_os.pdf,Bedienungsanleitung,04234200200,MAXXMEE, Massagegerät Anti,https://www.maxx-world.de/media/catalog/product/cache/6/image/650x/040ec09b1e35df139433887a97daa66f/4/2/4234_03.jpg,https://www.maxx-world.de/marken/maxxmee/maxxmee-massagegeraet-anti-cellulite-weiss-rosegold,maxx-world.de,de
https://www.maxx-world.de/media/catalog/product/0/9/09813_inlay_de-en-fr-nl_a6_v2_gallin.pdf,Bedienungsanleitung,09813200400,MAXXMEE, Luftreiniger mit UV,https://www.maxx-world.de/media/catalog/product/cache/6/image/650x/040ec09b1e35df139433887a97daa66f/9/8/9813_02.jpg,https://www.maxx-world.de/marken/maxxmee/maxxmee-luftreiniger-mit-uv-licht-3-5w-weiss,maxx-world.de,de
https://www.maxx-world.de/media/catalog/product/0/9/09997_inlay_de-en-fr-nl_a5_v2_os.pdf,Bedienungsanleitung,09997200100,MAXXMEE, Luftreiniger High Performance ,https://www.maxx-world.de/media/catalog/product/cache/6/image/650x/040ec09b1e35df139433887a97daa66f/9/9/9997_04.jpg,https://www.maxx-world.de/marken/maxxmee/maxxmee-luftreiniger-high-performance-6-stufen-reinigung-cadr-weiss,maxx-world.de,de
https://www.maxx-world.de/media/catalog/product/0/5/05099_leporello_de-en-fr-nl_a5_v1_os.pdf,Bedienungsanleitung,05099200200,MAXXMEE, LED,https://www.maxx-world.de/media/catalog/product/cache/6/image/650x/040ec09b1e35df139433887a97daa66f/5/0/5099_04.jpg,https://www.maxx-world.de/marken/maxxmee/maxxmee-led-raumtrenner-aus-12-zweigen-mit-led-150-cm-hoehe-weiss,maxx-world.de,de
https://www.maxx-world.de/media/catalog/product/0/8/08217_inlay_de-en-fr-nl_a5_v1_gallin.pdf,Bedienungsanleitung,08217200425,MAXXMEE, Muskelstimulations,https://www.maxx-world.de/media/catalog/product/cache/6/image/650x/040ec09b1e35df139433887a97daa66f/8/2/8217_02.jpg,https://www.maxx-world.de/marken/maxxmee/maxxmee-muskelstimulations-set-4-tlg-schwarz-orange,maxx-world.de,de
https://www.maxx-world.de/media/catalog/product/0/9/09888_de-en-fr-nl_a5_v1_os.pdf,Bedienungsanleitung,09888200200,MAXXMEE, Multi,https://www.maxx-world.de/media/catalog/product/cache/6/image/650x/040ec09b1e35df139433887a97daa66f/9/8/9888_03.jpg,https://www.maxx-world.de/marken/maxxmee/maxxmee-multi-raclette-grill-3in1-1200w,maxx-world.de,de
https://www.maxx-world.de/media/catalog/product/0/3/03003_de-en-fr-nl_a5_leporello_v1_os.pdf,Bedienungsanleitung,03003200400,MAXXMEE, Sitzkissen & Aufsteh,https://www.maxx-world.de/media/catalog/product/cache/6/image/650x/040ec09b1e35df139433887a97daa66f/3/0/3003_05.jpg,https://www.maxx-world.de/marken/maxxmee/maxxmee-sitzkissen-aufsteh-hilfe-6-stufen-einstellbar-schwarz,maxx-world.de,de
https://www.maxx-world.de/media/catalog/product/0/9/09733_leporello_de-en_190x160mm_v1.pdf,Bedienungsanleitung,09733200400,MAXXMEE, Trainings,https://www.maxx-world.de/media/catalog/product/cache/6/image/650x/040ec09b1e35df139433887a97daa66f/9/7/9733_01.jpg,https://www.maxx-world.de/marken/maxxmee/maxxmee-trainings-set-fitness-baender-11-tlg-set-mehrfarbig,maxx-world.de,de
https://www.maxx-world.de/media/catalog/product/0/9/09728_de-en-fr-nl_a5_v1_os.pdf,Bedienungsanleitung,09728200400,MAXXMEE, Trainings,https://www.maxx-world.de/media/catalog/product/cache/6/image/650x/040ec09b1e35df139433887a97daa66f/9/7/9728_01_1.jpg,https://www.maxx-world.de/marken/maxxmee/maxxmee-trainings-assistent-sit-up-schwarz-blau,maxx-world.de,de
https://www.maxx-world.de/media/catalog/product/0/9/09731_de-en-fr-nl_a5_v1_gallin.pdf,Bedienungsanleitung,09731200400,MAXXMEE, Trainingsboard Push,https://www.maxx-world.de/media/catalog/product/cache/6/image/650x/040ec09b1e35df139433887a97daa66f/9/7/9731_02.jpg,https://www.maxx-world.de/marken/maxxmee/maxxmee-trainingsboard-push-up-65x19-cm-faltbar,maxx-world.de,de
https://www.maxx-world.de/media/catalog/product/0/9/09343_09345_09346_de-en-fr-nl_700x180mm_leporello_v2.pdf,Bedienungsanleitung,09343200400,MAXXMEE, Thermo,https://www.maxx-world.de/media/catalog/product/cache/6/image/650x/040ec09b1e35df139433887a97daa66f/9/3/9343_03.jpg,https://www.maxx-world.de/marken/maxxmee/maxxmee-thermo-schuessel-mikrowelle-450ml-grau-weiss,maxx-world.de,de
https://www.maxx-world.de/media/catalog/product/0/9/09343_09345_09346_de-en-fr-nl_700x180mm_leporello_v2_2.pdf,Bedienungsanleitung,09346200400,MAXXMEE, Thermo,https://www.maxx-world.de/media/catalog/product/cache/6/image/650x/040ec09b1e35df139433887a97daa66f/9/3/9346_03.jpg,https://www.maxx-world.de/marken/maxxmee/maxxmee-thermo-schuessel-mikrowelle-1400ml,maxx-world.de,de
https://www.maxx-world.de/media/catalog/product/0/9/09343_09345_09346_de-en-fr-nl_700x180mm_leporello_v2_1.pdf,Bedienungsanleitung,09345200400,MAXXMEE, Thermo,https://www.maxx-world.de/media/catalog/product/cache/6/image/650x/040ec09b1e35df139433887a97daa66f/9/3/9345_03.jpg,https://www.maxx-world.de/marken/maxxmee/maxxmee-thermo-schuessel-mikrowelle-850-ml-grau-weiss,maxx-world.de,de
https://www.maxx-world.de/media/catalog/product/0/0/00154_leporello_80x160_de-en-fr-nl_v1_os.pdf,Bedienungsanleitung,00154200400,MAXXMEE, Tisch,https://www.maxx-world.de/media/catalog/product/cache/6/image/650x/040ec09b1e35df139433887a97daa66f/0/1/0154_02.jpg,https://www.maxx-world.de/marken/maxxmee/maxxmee-tisch-staubsauger-3-7v-weiss,maxx-world.de,de
https://www.maxx-world.de/media/catalog/product/0/9/09252_08299_leporello_de-en_800x210_v1.pdf,Bedienungsanleitung,08299200400,MAXXMEE, Stylingbürste Heißluft 5in1,https://www.maxx-world.de/media/catalog/product/cache/6/image/650x/040ec09b1e35df139433887a97daa66f/8/2/8299_02.jpg,https://www.maxx-world.de/marken/maxxmee/maxxmee-stylingbuerste-heissluft-5in1,maxx-world.de,de
https://www.maxx-world.de/media/catalog/product/0/9/09636_de-en-fr-nl_175x150mm_v1_os.pdf,Bedienungsanleitung,09017200198,MAXXMEE, Dartscheibe mit 6 Pfeilen und 6 Ersatzspitzen + Batterien ,https://www.maxx-world.de/media/catalog/product/cache/6/image/650x/040ec09b1e35df139433887a97daa66f/9/6/9636_08_1.jpg,https://www.maxx-world.de/marken/maxxmee/maxxmee-dartscheibe-mit-6-pfeilen-und-6-ersatzspitzen-batterien-schwarz-weiss-rot,maxx-world.de,de
https://www.maxx-world.de/media/catalog/product/0/8/08993_inlay_de-en-fr-nl_a5_v1.pdf,Bedienungsanleitung,08993200100,MAXXMEE, Beintrainer ,https://www.maxx-world.de/media/catalog/product/cache/6/image/650x/040ec09b1e35df139433887a97daa66f/8/9/8993_02.jpg,https://www.maxx-world.de/marken/maxxmee/maxxmee-beintrainer-5-geschwindigkeitsstufen-tuerkis-mit-fernbedienung,maxx-world.de,de
https://www.maxx-world.de/media/catalog/product/0/0/00809_de-en-fr-nl_a5_v1_gallin.pdf,Bedienungsanleitung,00809200200,MAXXMEE, Wischmopp mit Auswringfunktion ,https://www.maxx-world.de/media/catalog/product/cache/6/image/650x/040ec09b1e35df139433887a97daa66f/0/8/0809_02.jpg,https://www.maxx-world.de/marken/maxxmee/maxxmee-wischmopp-mit-auswringfunktion-5l,maxx-world.de,de
https://www.maxx-world.de/media/catalog/product/0/2/02710_05425_de-en-fr-nl_leporello_210x100mm_v1.1.pdf,Bedienungsanleitung,02710200125,MAXXMEE, Wasserhängematte mit Tragefunktion ,https://www.maxx-world.de/media/catalog/product/cache/6/image/650x/040ec09b1e35df139433887a97daa66f/2/7/2710_02_1.jpg,https://www.maxx-world.de/marken/maxxmee/maxxmee-wasserhaengematte-mit-tragefunktion-119-cm-pink,maxx-world.de,de
https://www.maxx-world.de/media/catalog/product/0/9/09429_inlay_de-en-fr-nl_a5_v1_gallin.pdf,Bedienungsanleitung,09429200100,MAXXMEE, Vibrationsgerät Training & Massage,https://www.maxx-world.de/media/catalog/product/cache/6/image/650x/040ec09b1e35df139433887a97daa66f/9/4/9429_05.jpg,https://www.maxx-world.de/marken/maxxmee/maxxmee-vibrationsgeraet-training-massage,maxx-world.de,de
https://www.maxx-world.de/media/catalog/product/0/0/00260_inlay_de-en-fr-nl_a5_v1.1_gallin.pdf,Bedienungsanleitung,00260200100,MAXXMEE, Milben,https://www.maxx-world.de/media/catalog/product/cache/6/image/650x/040ec09b1e35df139433887a97daa66f/0/2/02630_02.jpg,https://www.maxx-world.de/marken/maxxmee/maxxmee-milben-handstaubsauger-mit-uv-c-licht-300-w-weiss-limegreen,maxx-world.de,de
https://www.maxx-world.de/media/catalog/product/0/4/04002_leporello_de-en-fr-nl_130x210mm_v1_os.pdf,Bedienungsanleitung,04002200400,MAXXMEE, Glas,https://www.maxx-world.de/media/catalog/product/cache/6/image/650x/040ec09b1e35df139433887a97daa66f/4/0/4002_03.jpg,https://www.maxx-world.de/marken/maxxmee/maxxmee-glas-frischhaltedosen-klick-it-mit-mikrowellen-ventil-8-teilig-set-mint,maxx-world.de,de
https://www.maxx-world.de/media/catalog/product/0/8/08170_de-en-fr-nl_130x210_mm_v1.1.pdf,Bedienungsanleitung,08933100198,MAXXMEE, Frischhalteplatten mit flexiblem Deckel ,https://www.maxx-world.de/media/catalog/product/cache/6/image/650x/040ec09b1e35df139433887a97daa66f/8/9/8933_01.jpg,https://www.maxx-world.de/marken/maxxmee/maxxmee-frischhalteplatten-mit-flexiblem-deckel-8-tlg-grau-weiss,maxx-world.de,de
https://www.maxx-world.de/media/catalog/product/0/6/06748_de-en_700x160mm_leporello_v1.pdf,Bedienungsanleitung,06748200400,MAXXMEE, LED,https://www.maxx-world.de/media/catalog/product/cache/6/image/650x/040ec09b1e35df139433887a97daa66f/6/7/6748_04.jpg,https://www.maxx-world.de/marken/maxxmee/maxxmee-led-lichtschlauch-farbwechsel-8-leuchtmodi-5-m,maxx-world.de,de
https://www.maxx-world.de/media/catalog/product/0/4/04003_leporello_de-en-fr-nl_130x210mm_v1_os.pdf,Bedienungsanleitung,04003200400,MAXXMEE, Glas,https://www.maxx-world.de/media/catalog/product/cache/6/image/650x/040ec09b1e35df139433887a97daa66f/4/0/4003_03.jpg,https://www.maxx-world.de/marken/maxxmee/maxxmee-glas-frischhaltedosen-klick-it-mit-mikrowellen-ventil-6-teilig-set-grau,maxx-world.de,de
https://www.maxx-world.de/media/catalog/product/0/6/06161_inlay_a5_de-en-fr-nl_v1.pdf,Bedienungsanleitung,06161200200,MAXXMEE, Gesichtspflege Face Contour ,https://www.maxx-world.de/media/catalog/product/cache/6/image/650x/040ec09b1e35df139433887a97daa66f/6/1/6161_01_3.jpg,https://www.maxx-world.de/marken/maxxmee/maxxmee-gesichtspflege-face-contour-weiss-rosegold,maxx-world.de,de
https://www.maxx-world.de/media/catalog/product/0/4/04904_04838_de-en-fr-nl_a4_v1_gallin.pdf,Bedienungsanleitung,04904200200,GOURMETmaxx, Küchenwaage Retro ,https://www.maxx-world.de/media/catalog/product/cache/6/image/650x/040ec09b1e35df139433887a97daa66f/4/9/4904_02.jpg,https://www.maxx-world.de/marken/gourmetmaxx/gourmetmaxx-kuechenwaage-retro-vanille,maxx-world.de,de
https://www.maxx-world.de/media/catalog/product/0/3/03076_04818_04821_05291_05292_05313_08842_09272_de-en-fr-nl_a5_v5_gallin_4.pdf,Bedienungsanleitung,04818200100,GOURMETmaxx, Küchenmaschine Retro 250W ,https://www.maxx-world.de/media/catalog/product/cache/6/image/650x/040ec09b1e35df139433887a97daa66f/4/8/4818_02.jpg,https://www.maxx-world.de/marken/gourmetmaxx/gourmetmaxx-kuechenmaschine-retro-250w-vanille,maxx-world.de,de
https://www.maxx-world.de/media/catalog/product/0/3/03076_04818_04821_05291_05292_05313_08842_09272_de-en-fr-nl_a5_v5_gallin_5.pdf,Bedienungsanleitung,04821200100,GOURMETmaxx, Küchenmaschine Retro 250W ,https://www.maxx-world.de/media/catalog/product/cache/6/image/650x/040ec09b1e35df139433887a97daa66f/4/8/4821_02.jpg,https://www.maxx-world.de/marken/gourmetmaxx/gourmetmaxx-kuechenmaschine-retro-250w-mint,maxx-world.de,de
https://www.maxx-world.de/media/catalog/product/0/3/03440_03550_03770_de-en-fr-nl_a5_v3_os_1.pdf,Bedienungsanleitung,03550200125,GOURMETmaxx, Küchenmaschine ,https://www.maxx-world.de/media/catalog/product/cache/6/image/650x/040ec09b1e35df139433887a97daa66f/0/3/03550_01.jpg,https://www.maxx-world.de/marken/gourmetmaxx/gourmetmaxx-kuechenmaschine-6-geschwindigkeitsstufen-und-turbofunktion-schwarz,maxx-world.de,de
https://www.maxx-world.de/media/catalog/product/0/3/03440_03550_03770_de-en-fr-nl_a5_v3_os.pdf,Bedienungsanleitung,03440200125,GOURMETmaxx, Küchenmaschine ,https://www.maxx-world.de/media/catalog/product/cache/6/image/650x/040ec09b1e35df139433887a97daa66f/0/3/03440_01.jpg,https://www.maxx-world.de/marken/gourmetmaxx/gourmetmaxx-kuechenmaschine-6-geschwindigkeitsstufen-und-turbofunktion-rot,maxx-world.de,de
https://www.maxx-world.de/media/catalog/product/0/4/04788_de-en-fr-nl_a5_v1_gallin.pdf,Bedienungsanleitung,04788200125,GOURMETmaxx, Küchenmaschine ,https://www.maxx-world.de/media/catalog/product/cache/6/image/650x/040ec09b1e35df139433887a97daa66f/4/7/4788_03.jpg,https://www.maxx-world.de/marken/gourmetmaxx/gourmetmaxx-kuechenmaschine-6-geschwindigkeitsstufen-rot-7047,maxx-world.de,de
https://www.maxx-world.de/media/catalog/product/0/2/02365_02383_02783_02793_02799_02819_inlay_de-en-fr-nl_a5_v4.1_gallin_2.pdf,Bedienungsanleitung,02793200125,GOURMETmaxx, Heißluft,https://www.maxx-world.de/media/catalog/product/cache/6/image/650x/040ec09b1e35df139433887a97daa66f/2/7/2793_03.jpg,https://www.maxx-world.de/marken/gourmetmaxx/gourmetmaxx-heissluft-fritteuse-digital-2-5l-1500w-schwarz-grau,maxx-world.de,de
https://www.maxx-world.de/media/catalog/product/0/2/02365_02383_02783_02793_02799_02819_inlay_de-en-fr-nl_a5_v4.1_gallin.pdf,Bedienungsanleitung,02365200125,GOURMETmaxx, Heißluft,https://www.maxx-world.de/media/catalog/product/cache/6/image/650x/040ec09b1e35df139433887a97daa66f/2/3/2365_01.jpg,https://www.maxx-world.de/marken/gourmetmaxx/gourmetmaxx-heissluft-fritteuse-digital-2-5l-1500w-schwarz-kupfer,maxx-world.de,de
https://www.maxx-world.de/media/catalog/product/0/2/02365_02383_02783_02793_02799_02819_inlay_de-en-fr-nl_a5_v4.1_gallin_1.pdf,Bedienungsanleitung,02383200125,GOURMETmaxx, Heißluft,https://www.maxx-world.de/media/catalog/product/cache/6/image/650x/040ec09b1e35df139433887a97daa66f/2/3/2383_05.jpg,https://www.maxx-world.de/marken/gourmetmaxx/gourmetmaxx-heissluft-fritteuse-digital-2-5l-1500w-schwarz-beere,maxx-world.de,de
https://www.maxx-world.de/media/catalog/product/0/2/02048_de-en-fr-nl_a4_v1_gallin_1.pdf,Bedienungsanleitung,02048200625,VITALmaxx," Haarentferner ""Perfect Shave"" ",https://www.maxx-world.de/media/catalog/product/cache/6/image/650x/040ec09b1e35df139433887a97daa66f/2/0/2048_01.jpg,https://www.maxx-world.de/marken/vitalmaxx/vitalmaxx-haarentferner-perfect-shave-haarentfernung-ohne-roetung-schmerzen,maxx-world.de,de
https://www.maxx-world.de/media/catalog/product/0/6/06317_de-en-fr-nl_180x250_v1_gallin.pdf,Bedienungsanleitung,06317200425,VITALmaxx, Fitness,https://www.maxx-world.de/media/catalog/product/cache/6/image/650x/040ec09b1e35df139433887a97daa66f/6/3/6317_03.jpg,https://www.maxx-world.de/marken/vitalmaxx/vitalmaxx-fitness-armband-3v-in-schwarz,maxx-world.de,de
https://www.maxx-world.de/media/catalog/product/0/9/09104_de-en-fr-nl_220x260_v1_gallin.pdf,Bedienungsanleitung,09104800426,VITALmaxx, Zahnpflege Reiniger Sonic 3,https://www.maxx-world.de/media/catalog/product/cache/6/image/650x/040ec09b1e35df139433887a97daa66f/9/1/9104_02.jpg,https://www.maxx-world.de/marken/vitalmaxx/vitalmaxx-zahnpflege-reiniger-sonic-3-tlg-1-5v-weiss-mint,maxx-world.de,de
https://www.maxx-world.de/media/catalog/product/0/3/03038_de-en-fr-nl_a5_v1_gallin.pdf,Bedienungsanleitung,03038200151,VITALmaxx, Wärmekissen ,https://www.maxx-world.de/media/catalog/product/cache/6/image/650x/040ec09b1e35df139433887a97daa66f/3/0/3038_02.jpg,https://www.maxx-world.de/marken/vitalmaxx/vitalmaxx-waermekissen-fuer-nacken-ruecken-grau,maxx-world.de,de
https://www.maxx-world.de/media/catalog/product/0/7/07125_de-en-fr-nl_a5_v1_gallin.pdf,Bedienungsanleitung,07125600125,VITALmaxx, Vibrationstrainer 4,https://www.maxx-world.de/media/catalog/product/cache/6/image/650x/040ec09b1e35df139433887a97daa66f/7/1/7125_12.jpg,https://www.maxx-world.de/marken/vitalmaxx/vitalmaxx-vibrationstrainer-4-tlg-tuerkis,maxx-world.de,de
https://www.maxx-world.de/media/catalog/product/0/1/01173_leporello_de-en-fr-nl_444x210_v1_os.pdf,Bedienungsanleitung,01173200400,MAXXMEE, Filterset für Luftreiniger High Performance ,https://www.maxx-world.de/media/catalog/product/cache/6/image/650x/040ec09b1e35df139433887a97daa66f/1/1/1173_02.jpg,https://www.maxx-world.de/marken/maxxmee/maxxmee-filterset-fuer-luftreiniger-high-performance-2-kombi-filtereinsaetze,maxx-world.de,de
https://www.maxx-world.de/media/catalog/product/0/7/07908_inlay_de-en-fr-nl_a5_v3_os.pdf,Bedienungsanleitung,07908200100,MAXXMEE, Ellipsentrainer ,https://www.maxx-world.de/media/catalog/product/cache/6/image/650x/040ec09b1e35df139433887a97daa66f/7/9/7908_02.jpg,https://www.maxx-world.de/marken/maxxmee/maxxmee-ellipsentrainer-8-stufen-fuer-individuelles-trainingsniveau-schwarz,maxx-world.de,de
https://www.maxx-world.de/media/catalog/product/0/2/02225_de-en-fr-es-it_leporello_210x100_v1_os.pdf,Bedienungsanleitung,02225200400,N8WERK, Messerset & Messerblock in der Midnight Edition ,https://www.maxx-world.de/media/catalog/product/cache/6/image/650x/040ec09b1e35df139433887a97daa66f/2/2/2225_01_1.jpg,https://www.maxx-world.de/marken/n8werk/n8werk-messerset-messerblock-in-der-midnight-edition-7-teilig,maxx-world.de,de
https://www.maxx-world.de/media/catalog/product/0/2/02088_inlay185x145_de-en-fr-nl_v1_os.pdf,Bedienungsanleitung,02088200200,MAXXMEE, Eierkocher Kompakt ,https://www.maxx-world.de/media/catalog/product/cache/6/image/650x/040ec09b1e35df139433887a97daa66f/2/0/2088_02.jpg,https://www.maxx-world.de/marken/maxxmee/maxxmee-eierkocher-kompakt-bis-zu-2-fruehstueckseier,maxx-world.de,de
https://www.maxx-world.de/media/catalog/product/0/4/04422_inlay_de-en-fr-nl_a5_v1_gallin.pdf,Bedienungsanleitung,04422200125,GOURMETmaxx, Heißluft,https://www.maxx-world.de/media/catalog/product/cache/6/image/650x/040ec09b1e35df139433887a97daa66f/4/4/4422_03.jpg,https://www.maxx-world.de/marken/gourmetmaxx/gourmetmaxx-heissluft-fritteuse-digital-3-liter-fassungsvermoegen-schwarz,maxx-world.de,de
https://www.maxx-world.de/media/catalog/product/0/1/01821_de-en-fr-nl_a5_v1_gallin.pdf,Bedienungsanleitung,01821200325,GOURMETmaxx, Glas,https://www.maxx-world.de/media/catalog/product/cache/6/image/650x/040ec09b1e35df139433887a97daa66f/1/8/1821_02.jpg,https://www.maxx-world.de/marken/gourmetmaxx/gourmetmaxx-glas-frischhaltedosen-klick-it-8-tlg-smaragdgruen,maxx-world.de,de
https://www.maxx-world.de/media/catalog/product/0/6/06527_de-en-fr-nl_a4_v2_gallin.pdf,Bedienungsanleitung,06527200330,GOURMETmaxx, Glas,https://www.maxx-world.de/media/catalog/product/cache/6/image/650x/040ec09b1e35df139433887a97daa66f/f/r/freisteller1.jpg,https://www.maxx-world.de/marken/gourmetmaxx/gourmetmaxx-glas-frischhaltedosen-klick-it-6-tlg-limegreen,maxx-world.de,de
https://www.maxx-world.de/media/catalog/product/0/7/07971_de-en-fr-nl_a5_v1_gallin.pdf,Bedienungsanleitung,07971200225,GOURMETmaxx, Glas,https://www.maxx-world.de/media/catalog/product/cache/6/image/650x/040ec09b1e35df139433887a97daa66f/7/9/7971_03.jpg,https://www.maxx-world.de/marken/gourmetmaxx/gourmetmaxx-glas-wasserkocher-mit-led-beleuchtung-360-drehbar,maxx-world.de,de
https://www.maxx-world.de/media/catalog/product/0/4/04910_de-en-fr-nl_a5_v1_gallin.pdf,Bedienungsanleitung,04910200125,GOURMETmaxx, Heißluft,https://www.maxx-world.de/media/catalog/product/cache/6/image/650x/040ec09b1e35df139433887a97daa66f/4/9/4910_02.jpg,https://www.maxx-world.de/marken/gourmetmaxx/gourmetmaxx-heissluft-fritteuse-2-7l-1500w-edelstahl-schwarz,maxx-world.de,de
https://www.maxx-world.de/media/catalog/product/0/9/09356_de-en-fr-es-it_leporello_900x210_ho_v1.pdf,Bedienungsanleitung,09356200451,Hoberg, Teleskop,https://www.maxx-world.de/media/catalog/product/cache/6/image/650x/040ec09b1e35df139433887a97daa66f/9/3/9356_01_1.jpg,https://www.maxx-world.de/marken/hoberg/hoberg-teleskop-heckenschere-67-83-cm-4-stufen-einstellbar,maxx-world.de,de
https://www.maxx-world.de/media/catalog/product/0/9/09814_inlay_de-en-fr-nl_a5_v1.pdf,Bedienungsanleitung,09814200100,MAXXMEE, Digitaler,https://www.maxx-world.de/media/catalog/product/cache/6/image/650x/040ec09b1e35df139433887a97daa66f/9/8/9814_05.jpg,https://www.maxx-world.de/marken/maxxmee/maxxmee-digitaler-luftreiniger-mit-6-stufen-reinigungsprozess-weiss-silber,maxx-world.de,de
https://www.maxx-world.de/media/catalog/product/0/9/09074_inlay_de-en-fr-nl_a5_v1_os.pdf,Bedienungsanleitung,09074200400,MAXXMEE, Bauchmuskelgürtel EMS ,https://www.maxx-world.de/media/catalog/product/cache/6/image/650x/040ec09b1e35df139433887a97daa66f/9/0/9074_02.jpg,https://www.maxx-world.de/marken/maxxmee/maxxmee-bauchmuskelguertel-ems-6-programmen-9-intensitaetsstufen-unisize-schwarz,maxx-world.de,de
https://www.maxx-world.de/media/catalog/product/0/5/05630_de-en-fr-nl_a5_v1_gallin.pdf,Bedienungsanleitung,05630200325,VITALmaxx, Shiatsu,https://www.maxx-world.de/media/catalog/product/cache/6/image/650x/040ec09b1e35df139433887a97daa66f/0/5/05630.jpg,https://www.maxx-world.de/marken/vitalmaxx/vitalmaxx-shiatsu-massagematte-5-verschiedene-massageprogramme-grau,maxx-world.de,de
https://www.maxx-world.de/media/catalog/product/0/3/03775_de-en-fr-nl_a5_v1_gallin.pdf,Bedienungsanleitung,03775200425,VITALmaxx, Shiatsu,https://www.maxx-world.de/media/catalog/product/cache/6/image/650x/040ec09b1e35df139433887a97daa66f/3/7/3775_02.jpg,https://www.maxx-world.de/marken/vitalmaxx/vitalmaxx-shiatsu-massagekissen-12v-in-grau-anthrazit,maxx-world.de,de
https://www.maxx-world.de/media/catalog/product/0/9/09741_de-en-fr-nl_a5_v5_gallin.pdf,Bedienungsanleitung,09741200225,VITALmaxx, Shiatsu,https://www.maxx-world.de/media/catalog/product/cache/6/image/650x/040ec09b1e35df139433887a97daa66f/0/9/09741.jpg,https://www.maxx-world.de/marken/vitalmaxx/vitalmaxx-shiatsu-massagegeraet-2-tlg-grau-lila,maxx-world.de,de
https://www.maxx-world.de/media/catalog/product/0/9/09123_de-en-fr-nl_a6_v1.1_gallin.pdf,Bedienungsanleitung,09123200225,VITALmaxx, Schall,https://www.maxx-world.de/media/catalog/product/cache/6/image/650x/040ec09b1e35df139433887a97daa66f/9/1/9123_03.jpg,https://www.maxx-world.de/marken/vitalmaxx/vitalmaxx-schall-zahnbuerste-360-borsten-mit-vibrationsfunktion-weiss,maxx-world.de,de
https://www.maxx-world.de/media/catalog/product/0/4/04159_de-en-fr-nl_a4_v1_gallin.pdf,Bedienungsanleitung,04159200625,VITALmaxx, Porenreiniger 5,https://www.maxx-world.de/media/catalog/product/cache/6/image/650x/040ec09b1e35df139433887a97daa66f/4/1/4159_02.jpg,https://www.maxx-world.de/marken/vitalmaxx/vitalmaxx-porenreiniger-5-tlg-3-7v-mit-aufsatz-fuer-mikrodermabrasion-weiss,maxx-world.de,de
https://www.maxx-world.de/media/catalog/product/0/5/05032_inlay_de-en-fr-nl_a5_v3_os.pdf,Bedienungsanleitung,05032200225,VITALmaxx, Mini,https://www.maxx-world.de/media/catalog/product/cache/6/image/650x/040ec09b1e35df139433887a97daa66f/5/0/5032_02.jpg,https://www.maxx-world.de/marken/vitalmaxx/vitalmaxx-mini-trainer-mit-metallschwungrad-grau-schwarz,maxx-world.de,de
https://www.maxx-world.de/media/catalog/product/0/3/03996_de-en-fr-nl_a5_v1_gallin.pdf,Bedienungsanleitung,03996200425,VITALmaxx, Multifunktions,https://www.maxx-world.de/media/catalog/product/cache/6/image/650x/040ec09b1e35df139433887a97daa66f/3/9/3996_09.jpg,https://www.maxx-world.de/marken/vitalmaxx/vitalmaxx-multifunktions-glaettbuerste-deluxe-50w-schwarz-rosegold,maxx-world.de,de
https://www.maxx-world.de/media/catalog/product/0/0/00141_de-en-fr-nl_a5_v4_gallin.pdf,Bedienungsanleitung,00141200125,VITALmaxx, Massagematte ,https://www.maxx-world.de/media/catalog/product/cache/6/image/650x/040ec09b1e35df139433887a97daa66f/0/1/0141_02.jpg,https://www.maxx-world.de/marken/vitalmaxx/vitalmaxx-massagematte-5-zonen-mit-waermefunktion-schwarz,maxx-world.de,de
https://www.maxx-world.de/media/catalog/product/0/5/05410_de-en-fr-nl_a4_v1_gallin.pdf,Bedienungsanleitung,05410200425,VITALmaxx, Massage,https://www.maxx-world.de/media/catalog/product/cache/6/image/650x/040ec09b1e35df139433887a97daa66f/5/4/5410_03.jpg,https://www.maxx-world.de/marken/vitalmaxx/vitalmaxx-massage-nackenkissen-2-vibrationsstufen-anthrazit-grau,maxx-world.de,de
https://www.maxx-world.de/media/catalog/product/0/9/09663_de-en-fr-nl_a5_v2_gallin.pdf,Bedienungsanleitung,09663700225,VITALmaxx, Komfort,https://www.maxx-world.de/media/catalog/product/cache/6/image/650x/040ec09b1e35df139433887a97daa66f/9/6/9663_02.jpg,https://www.maxx-world.de/marken/vitalmaxx/vitalmaxx-komfort-wasserkissen,maxx-world.de,de
https://www.maxx-world.de/media/catalog/product/0/9/09600_inlay_de-en-fr-es-it_a5_v1_os.pdf,Bedienungsanleitung,09600200100,N8WERK, Fleischwolf inkl. Rücklauf,https://www.maxx-world.de/media/catalog/product/cache/6/image/650x/040ec09b1e35df139433887a97daa66f/9/6/9600_01.jpg,https://www.maxx-world.de/marken/n8werk/n8werk-fleischwolf-inkl-ruecklauf-funktion-max-2000-w-midnight-edition,maxx-world.de,de
https://www.maxx-world.de/media/catalog/product/0/9/09595_inlay_de-en-fr-es-it_a5_v1_gallin.pdf,Bedienungsanleitung,09595200200,N8WERK, Digital,https://www.maxx-world.de/media/catalog/product/cache/6/image/650x/040ec09b1e35df139433887a97daa66f/9/5/9595_01.jpg,https://www.maxx-world.de/marken/n8werk/n8werk-digital-kontakt-grill-midnight-edition-2000w-touch-display-mit-6-grill-programmen,maxx-world.de,de
https://www.maxx-world.de/media/catalog/product/0/0/00912_de-en-fr-nl_a4_v1_gallin.pdf,Bedienungsanleitung,00912200200,FC Schalke 04,S04 LED,https://www.maxx-world.de/media/catalog/product/cache/6/image/650x/040ec09b1e35df139433887a97daa66f/0/9/0912_02.jpg,https://www.maxx-world.de/marken/fc-schalke-04/s04-led-motivstrahler-mit-logo-blau-weiss,maxx-world.de,de
https://www.maxx-world.de/media/catalog/product/0/0/00948_de-en-fr-nl_a5_v1_gallin.pdf,Bedienungsanleitung,00948200400,FC Schalke 04,S04 LED,https://www.maxx-world.de/media/catalog/product/cache/6/image/650x/040ec09b1e35df139433887a97daa66f/0/9/0948_02.jpg,https://www.maxx-world.de/marken/fc-schalke-04/s04-led-echtwachskerze-projektor-3-geschwindigkeitsstufen-blau-mit-logo,maxx-world.de,de
https://www.maxx-world.de/media/catalog/product/0/2/02003_de-en-fr-nl_a4_v3_gallin.pdf,Bedienungsanleitung,02003200425,GOURMETmaxx, Frischhaltedosen Klick,https://www.maxx-world.de/media/catalog/product/cache/6/image/650x/040ec09b1e35df139433887a97daa66f/2/0/2003_02.jpg,https://www.maxx-world.de/marken/gourmetmaxx/gourmetmaxx-frischhaltedosen-klick-it-36-teilig,maxx-world.de,de
https://www.maxx-world.de/media/catalog/product/0/2/02003_de-en-fr-nl_a5_v2_gallin_1.pdf,Bedienungsanleitung,03310200198,GOURMETmaxx, Frischhaltedosen Klick,https://www.maxx-world.de/media/catalog/product/cache/6/image/650x/040ec09b1e35df139433887a97daa66f/3/3/3310_02.jpg,https://www.maxx-world.de/marken/gourmetmaxx/gourmetmaxx-frischhaltedosen-klick-it-72-tlg-lila-pink-tuerkis,maxx-world.de,de
https://www.maxx-world.de/media/catalog/product/f/h/fhdki14_de-en-fr-nl_a4_v5_gallin_2.pdf,Bedienungsanleitung,02824100198,GOURMETmaxx, Frischhaltedosen Klick,https://www.maxx-world.de/media/catalog/product/cache/6/image/650x/040ec09b1e35df139433887a97daa66f/2/6/2628frei2_1.jpg,https://www.maxx-world.de/marken/gourmetmaxx/gourmetmaxx-frischhaltedosen-klick-it-28-tlg-klar,maxx-world.de,de
https://www.maxx-world.de/media/catalog/product/f/h/fhdki14_de-en-fr-nl_a4_v4_gallin_3.pdf,Bedienungsanleitung,01163100198,GOURMETmaxx, Frischhaltedosen Klick,https://www.maxx-world.de/media/catalog/product/cache/6/image/650x/040ec09b1e35df139433887a97daa66f/0/1/01163.jpg,https://www.maxx-world.de/marken/gourmetmaxx/gourmetmaxx-frischhaltedosen-klick-it-28-tlg-lila-transparent,maxx-world.de,de
https://www.maxx-world.de/media/catalog/product/f/h/fhdki14_de-en-fr-nl_a4_v5_gallin_4.pdf,Bedienungsanleitung,02482100198,GOURMETmaxx, Frischhaltedosen Klick,https://www.maxx-world.de/media/catalog/product/cache/6/image/650x/040ec09b1e35df139433887a97daa66f/2/8/2822_x_2_02.jpg,https://www.maxx-world.de/marken/gourmetmaxx/gourmetmaxx-frischhaltedosen-klick-it-28-tlg-in-rosa-grau,maxx-world.de,de
https://www.maxx-world.de/media/catalog/product/f/h/fhdki14_de-en-fr-nl_a4_v5_gallin_3.pdf,Bedienungsanleitung,03305200425,GOURMETmaxx, Frischhaltedosen Klick,https://www.maxx-world.de/media/catalog/product/cache/6/image/650x/040ec09b1e35df139433887a97daa66f/3/3/3305_01.jpg,https://www.maxx-world.de/marken/gourmetmaxx/gourmetmaxx-frischhaltedosen-klick-it-14-tlg-lila,maxx-world.de,de
https://www.maxx-world.de/media/catalog/product/0/8/08612_de-en-fr-nl_v4_gallin.pdf,Bedienungsanleitung,08612200125,GOURMETmaxx, Fleischwolf ,https://www.maxx-world.de/media/catalog/product/cache/6/image/650x/040ec09b1e35df139433887a97daa66f/8/6/8612_03_2.jpg,https://www.maxx-world.de/marken/gourmetmaxx/gourmetmaxx-fleischwolf-auch-fuer-gemuese-gebaeck,maxx-world.de,de
https://www.maxx-world.de/media/catalog/product/0/6/06448_de-en-fr-nl_a5_v1_gallin.pdf,Bedienungsanleitung,06448200200,GOURMETmaxx, Edelstahl,https://www.maxx-world.de/media/catalog/product/cache/6/image/650x/040ec09b1e35df139433887a97daa66f/6/4/6448_04_2.jpg,https://www.maxx-world.de/marken/gourmetmaxx/gourmetmaxx-edelstahl-kaffeemaschine-thermobecher-in-schwarz,maxx-world.de,de
https://www.maxx-world.de/media/catalog/product/0/1/01383_de-en-fr-nl_a5_v1_gallin.pdf,Bedienungsanleitung,01383200100,GOURMETmaxx, Brotbackautomat ,https://www.maxx-world.de/media/catalog/product/cache/6/image/650x/040ec09b1e35df139433887a97daa66f/1/3/1383_05_1.jpg,https://www.maxx-world.de/marken/gourmetmaxx/gourmetmaxx-brotbackautomat-18-backprogramme-weiss,maxx-world.de,de
https://www.maxx-world.de/media/catalog/product/0/7/07660_inlay_de-en-fr-es-it_a6_ho_v1_gallin.pdf,Bedienungsanleitung,07660202451,Hoberg, Fenster,https://www.maxx-world.de/media/catalog/product/cache/6/image/650x/040ec09b1e35df139433887a97daa66f/7/6/7660_01.jpg,https://www.maxx-world.de/marken/hoberg/hoberg-fenster-moskitonetz-150-x-130-cm,maxx-world.de,de
https://www.maxx-world.de/media/catalog/product/0/2/02026_inlay_de-en-fr-nl_a5_v1_os.pdf,Bedienungsanleitung,02026200100,MAXXMEE, Akku,https://www.maxx-world.de/media/catalog/product/cache/6/image/650x/040ec09b1e35df139433887a97daa66f/2/0/2026_03.jpg,https://www.maxx-world.de/marken/maxxmee/maxxmee-akku-zyklon-staubsauger-3-fach-filter-verlaengerungsrohr-auf-bis-ca-80-cm-anthrazit-pink,maxx-world.de,de
https://www.maxx-world.de/media/catalog/product/0/1/01017_inlay_de-en-fr-nl_a5_v1_os.pdf,Bedienungsanleitung,01017200100,MAXXMEE, Akku,https://www.maxx-world.de/media/catalog/product/cache/6/image/650x/040ec09b1e35df139433887a97daa66f/1/0/1017_12.jpg,https://www.maxx-world.de/marken/maxxmee/maxxmee-akku-rotationsmopp-rotierende-mikrofaserpads-weiss,maxx-world.de,de
https://www.maxx-world.de/media/catalog/product/0/4/04313_inlay_de-en-fr-nl_a5_v1_gallin.pdf,Bedienungsanleitung,04313200101,MAXXMEE, Akku,https://www.maxx-world.de/media/catalog/product/cache/6/image/650x/040ec09b1e35df139433887a97daa66f/4/3/4313_02.jpg,https://www.maxx-world.de/marken/maxxmee/maxxmee-akku-rasentrimmer-1200-mah-gruen,maxx-world.de,de
https://www.maxx-world.de/media/catalog/product/0/7/07389_de-gb-fr-nl_a6_v1_gallin.pdf,Bedienungsanleitung,07389800400,VITALmaxx, Kabelloses Springseil mit Trainingscomputer,https://www.maxx-world.de/media/catalog/product/cache/6/image/650x/040ec09b1e35df139433887a97daa66f/7/3/7389_02.jpg,https://www.maxx-world.de/marken/vitalmaxx/vitalmaxx-kabelloses-springseil-mit-trainingscomputer,maxx-world.de,de
https://www.maxx-world.de/media/catalog/product/0/6/06200_de-en-fr-nl_a6_v1_gallin.pdf,Bedienungsanleitung,06200200425,VITALmaxx, Hornhautentferner mit Saugfunktion ,https://www.maxx-world.de/media/catalog/product/cache/6/image/650x/040ec09b1e35df139433887a97daa66f/6/2/6200_04.jpg,https://www.maxx-world.de/marken/vitalmaxx/vitalmaxx-hornhautentferner-mit-saugfunktion-weiss-tuerkis,maxx-world.de,de
https://www.maxx-world.de/media/catalog/product/0/2/02844_de-en-fr-nl_a5_v3_gallin.pdf,Bedienungsanleitung,02844200425,VITALmaxx, Heizdecke Nacken & Rücken 2in1 100W ,https://www.maxx-world.de/media/catalog/product/cache/6/image/650x/040ec09b1e35df139433887a97daa66f/2/8/2844_02.jpg,https://www.maxx-world.de/marken/vitalmaxx/vitalmaxx-heizdecke-nacken-ruecken-2in1-100w-anthrazit,maxx-world.de,de
https://www.maxx-world.de/media/catalog/product/0/1/01504_de-en-fr-nl_a5_v6_os.pdf,Bedienungsanleitung,01504100118,VITALmaxx, Heimtrainer mit magnetischer Bremse in Limegreen/Weiß,https://www.maxx-world.de/media/catalog/product/cache/6/image/650x/040ec09b1e35df139433887a97daa66f/1/5/1504_02.jpg,https://www.maxx-world.de/marken/vitalmaxx/vitalmaxx-heimtrainer-mit-magnetischer-bremse-in-limegreen-weiss,maxx-world.de,de
https://www.maxx-world.de/media/catalog/product/0/7/07402_de-gb-fr-nl_a5_v1_1_gallin.pdf,Bedienungsanleitung,07402200325,VITALmaxx, Bandage Knöchel mit Kupferfasern ,https://www.maxx-world.de/media/catalog/product/cache/6/image/650x/040ec09b1e35df139433887a97daa66f/7/4/7402_03_1.jpg,https://www.maxx-world.de/marken/vitalmaxx/vitalmaxx-bandage-knoechel-mit-kupferfasern-weiss,maxx-world.de,de
https://www.maxx-world.de/media/catalog/product/0/7/07401_de-en-fr-nl_a4_v2_gallin.pdf,Bedienungsanleitung,07401200325,VITALmaxx, Bandage Knie mit Kupferfasern ,https://www.maxx-world.de/media/catalog/product/cache/6/image/650x/040ec09b1e35df139433887a97daa66f/7/4/7401_03_1.jpg,https://www.maxx-world.de/marken/vitalmaxx/vitalmaxx-bandage-knie-mit-kupferfasern-weiss,maxx-world.de,de
https://www.maxx-world.de/media/catalog/product/0/4/04318_de-en-fr-nl-pl_a5_gm_v1_gallin.pdf,Bedienungsanleitung,04318200325,VITALmaxx,"VenenWalker® Therapiegerät VenenWalker Pro2 230V, weiß/türkis",https://www.maxx-world.de/media/catalog/product/cache/6/image/650x/040ec09b1e35df139433887a97daa66f/4/3/4318_04.jpg,https://www.maxx-world.de/marken/vitalmaxx/vitalmaxx-therapiegeraet-venenwalker-pro2-230v-weiss-tuerkis,maxx-world.de,de
https://www.maxx-world.de/media/catalog/product/l/g/lg_de-en-fr-nl_a4_v1_gallin_1.pdf,Bedienungsanleitung,03875200625,SLIMmaxx, Gürtel Automatik,https://www.maxx-world.de/media/catalog/product/cache/6/image/650x/040ec09b1e35df139433887a97daa66f/3/8/3875_02.jpg,https://www.maxx-world.de/marken/slimmaxx/slimmaxx-guertel-automatik-klick-leder-130-cm-in-schwarz,maxx-world.de,de
https://www.maxx-world.de/media/catalog/product/l/g/lg_de-en-fr-nl_a4_v1_gallin.pdf,Bedienungsanleitung,03882200625,SLIMmaxx, Gürtel Automatik,https://www.maxx-world.de/media/catalog/product/cache/6/image/650x/040ec09b1e35df139433887a97daa66f/3/8/3882_02.jpg,https://www.maxx-world.de/marken/slimmaxx/slimmaxx-guertel-automatik-klick-leder-130-cm-in-braun,maxx-world.de,de
https://www.maxx-world.de/media/catalog/product/0/2/02392_de_180x140_gm_v1.pdf,Bedienungsanleitung,02392200200,VITALmaxx,Schmerztherapie,https://www.maxx-world.de/media/catalog/product/cache/6/image/650x/040ec09b1e35df139433887a97daa66f/2/3/2392_01.jpg,https://www.maxx-world.de/marken/vitalmaxx/schmerztherapie-geraet-ultraschall-24-volt-weiss-tuerkis,maxx-world.de,de
https://www.maxx-world.de/media/catalog/product/0/2/02621_02622_02623_02624_02625_de-en-fr-es-it_a5_v1_gallin.pdf,Bedienungsanleitung,02625200200,N8WERK, Aluguss,https://www.maxx-world.de/media/catalog/product/cache/6/image/650x/040ec09b1e35df139433887a97daa66f/2/6/2625_01.jpg,https://www.maxx-world.de/marken/n8werk/n8werk-aluguss-stielkasserolle-18-cm-n8werk-heat-indicator-midnight-edition,maxx-world.de,de
https://www.maxx-world.de/media/catalog/product/0/2/02916_de-en-fr-nl_330x140_fcb_v1.2_gallin.pdf,Bedienungsanleitung,02916200419,FC BAYERN MÜNCHEN, USB,https://www.maxx-world.de/media/catalog/product/cache/6/image/650x/040ec09b1e35df139433887a97daa66f/2/9/2916_02.jpg,https://www.maxx-world.de/marken/fc-bayern-muenchen/fc-bayern-muenchen-usb-feuerzeug-mit-gluehspirale-schwarz,maxx-world.de,de
https://www.maxx-world.de/media/catalog/product/0/6/06897_de-en-fr-nl_a4_v1_gallin.pdf,Bedienungsanleitung,06897200419,FC BAYERN MÜNCHEN, Soft,https://www.maxx-world.de/media/catalog/product/cache/6/image/650x/040ec09b1e35df139433887a97daa66f/6/8/6897_05.jpg,https://www.maxx-world.de/marken/fc-bayern-muenchen/fc-bayern-muenchen-soft-boule-set-fuer-drinnen-draussen-7-tlg-blau-rot-grau,maxx-world.de,de
https://www.maxx-world.de/media/catalog/product/0/3/03976_de-en-fr-nl_a4_fcb_v3_gallin.pdf,Bedienungsanleitung,03976200219,FC BAYERN MÜNCHEN, LED,https://www.maxx-world.de/media/catalog/product/cache/6/image/650x/040ec09b1e35df139433887a97daa66f/3/9/3976_01.jpg,https://www.maxx-world.de/marken/fc-bayern-muenchen/fc-bayern-muenchen-led-motivstrahler-projiziert-das-fcb-logo-fuer-innen-aussen,maxx-world.de,de
https://www.maxx-world.de/media/catalog/product/0/5/05813_de-gb-fr-nl_v1_gallin.pdf,Bedienungsanleitung,05813200133,BRATmaxx," Kochtopf mit Glasdeckel rot, 24 cm",https://www.maxx-world.de/media/catalog/product/cache/6/image/650x/040ec09b1e35df139433887a97daa66f/5/8/5813_05_2_1.jpg,https://www.maxx-world.de/marken/bratmaxx/bratmaxx-kochtopf-mit-glasdeckel-rot-24-cm,maxx-world.de,de
https://www.maxx-world.de/media/catalog/product/0/5/05812_de-gb-fr-nl_a4_v1_gallin.pdf,Bedienungsanleitung,05812200133,BRATmaxx," Kochtopf mit Glasdeckel rot, 20 cm",https://www.maxx-world.de/media/catalog/product/cache/6/image/650x/040ec09b1e35df139433887a97daa66f/5/8/5812_05_2_1.jpg,https://www.maxx-world.de/marken/bratmaxx/bratmaxx-kochtopf-mit-glasdeckel-rot-20-cm,maxx-world.de,de
https://www.maxx-world.de/media/catalog/product/0/8/08374_06842_de-en-fr-nl_v2_gallin.pdf,Bedienungsanleitung,06842200218,EASYmaxx, Radio Retro 6V ,https://www.maxx-world.de/media/catalog/product/cache/6/image/650x/040ec09b1e35df139433887a97daa66f/6/8/6842_02.jpg,https://www.maxx-world.de/marken/easymaxx/easymaxx-radio-retro-6v-mint,maxx-world.de,de
https://www.maxx-world.de/media/catalog/product/0/8/08242_de-en-fr-nl_a5_v2_gallin.pdf,Bedienungsanleitung,08242200400,EASYmaxx, Nähkorb mit 76,https://www.maxx-world.de/media/catalog/product/cache/6/image/650x/040ec09b1e35df139433887a97daa66f/8/2/8242frei2.jpg,https://www.maxx-world.de/marken/easymaxx/easymaxx-naehkorb-mit-76-teiligem-zubehoer,maxx-world.de,de
https://www.maxx-world.de/media/catalog/product/0/8/08653_de-en-fr-nl_a4_v1_gallin.pdf,Bedienungsanleitung,08653200426,EASYmaxx, Multi,https://www.maxx-world.de/media/catalog/product/cache/6/image/650x/040ec09b1e35df139433887a97daa66f/8/6/8653_02.jpg,https://www.maxx-world.de/marken/easymaxx/easymaxx-multi-steckschluessel-mit-ratsche-stahlstifte-fuer-7-19-mm,maxx-world.de,de
https://www.maxx-world.de/media/catalog/product/0/1/01391_de-en-fr-nl_210x210mm_v1_gallin.pdf,Bedienungsanleitung,01391800425,EASYmaxx, Multi,https://www.maxx-world.de/media/catalog/product/cache/6/image/650x/040ec09b1e35df139433887a97daa66f/1/3/1391_03.jpg,https://www.maxx-world.de/marken/easymaxx/easymaxx-multi-steckschluessel-8in1-schwarz-rot,maxx-world.de,de
https://www.maxx-world.de/media/catalog/product/0/7/07475_de-en-fr-nl_a5_v1.1_gallin.pdf,Bedienungsanleitung,07475200125,EASYmaxx, Mini,https://www.maxx-world.de/media/catalog/product/cache/6/image/650x/040ec09b1e35df139433887a97daa66f/7/4/7475_02.jpg,https://www.maxx-world.de/marken/easymaxx/easymaxx-mini-waschmaschine-weiss-blau,maxx-world.de,de
https://www.maxx-world.de/media/catalog/product/0/4/04809_de-en-fr-nl_a5_v1_gallin.pdf,Bedienungsanleitung,04809200225,EASYmaxx, Mini,https://www.maxx-world.de/media/catalog/product/cache/6/image/650x/040ec09b1e35df139433887a97daa66f/4/8/4809_02.jpg,https://www.maxx-world.de/marken/easymaxx/easymaxx-mini-kamera-mit-speicherkarte-8gb-rot-schwarz,maxx-world.de,de
https://www.maxx-world.de/media/catalog/product/0/7/07031_de-en-fr-nl_a4_v1_gallin.pdf,Bedienungsanleitung,07031200425,EASYmaxx, Malpad Magic Glow ,https://www.maxx-world.de/media/catalog/product/cache/6/image/650x/040ec09b1e35df139433887a97daa66f/7/0/7031_02.jpg,https://www.maxx-world.de/marken/easymaxx/easymaxx-malpad-magic-glow-20-tlg-wiederverwendbar-rot,maxx-world.de,de
https://www.maxx-world.de/media/catalog/product/0/5/05486_de-en-fr-nl_a4_v1_gallin.pdf,Bedienungsanleitung,05486200225,EASYmaxx, LED,https://www.maxx-world.de/media/catalog/product/cache/6/image/650x/040ec09b1e35df139433887a97daa66f/5/4/5486_02.jpg,https://www.maxx-world.de/marken/easymaxx/easymaxx-led-strahler-in-outdoor-360-drehbarer-spot,maxx-world.de,de
https://www.maxx-world.de/media/catalog/product/0/7/07725_de-en-fr-nl_a4_v1_gallin.pdf,Bedienungsanleitung,07725200225,EASYmaxx, LED,https://www.maxx-world.de/media/catalog/product/cache/6/image/650x/040ec09b1e35df139433887a97daa66f/7/7/7725_01.jpg,https://www.maxx-world.de/marken/easymaxx/easymaxx-led-standleuchte-daylight-360-drehbarer-lampenkopf-weiss,maxx-world.de,de
https://www.maxx-world.de/media/catalog/product/0/4/04817_de-en-fr-nl_a4_v1_gallin.pdf,Bedienungsanleitung,04817200425,EASYmaxx, LED,https://www.maxx-world.de/media/catalog/product/cache/6/image/650x/040ec09b1e35df139433887a97daa66f/4/8/4817_02.jpg,https://www.maxx-world.de/marken/easymaxx/easymaxx-led-echtwachskerze-projektor-3v-mit-timer-creme,maxx-world.de,de
https://www.maxx-world.de/media/catalog/product/0/9/09944_de-en_fr_nl_a4_v1_gallin.pdf,Bedienungsanleitung,09944200425,EASYmaxx, LED,https://www.maxx-world.de/media/catalog/product/cache/6/image/650x/040ec09b1e35df139433887a97daa66f/9/9/9944_05.jpg,https://www.maxx-world.de/marken/easymaxx/easymaxx-led-dekostele-rost-optik-willkommen-77-cm,maxx-world.de,de
https://www.maxx-world.de/media/catalog/product/0/5/05320_05327_05510_05513_de-en_fr_nl_a4_v4.1_gallin.pdf,Bedienungsanleitung,05513200127,EASYmaxx, LED,https://www.maxx-world.de/media/catalog/product/cache/6/image/650x/040ec09b1e35df139433887a97daa66f/5/5/5513_07.jpg,https://www.maxx-world.de/marken/easymaxx/easymaxx-led-dekosaeule-mit-planzschale-rost-optik-bauernrose-87-cm,maxx-world.de,de
https://www.maxx-world.de/media/catalog/product/0/8/08212_de-en-fr-nl_a4_v2_gallin.pdf,Bedienungsanleitung,08212200425,EASYmaxx, Streichset Paint Maxx Pro 5,https://www.maxx-world.de/media/catalog/product/cache/6/image/650x/040ec09b1e35df139433887a97daa66f/8/2/8212_02.jpg,https://www.maxx-world.de/marken/easymaxx/easymaxx-streichset-paint-maxx-pro-5-tlg-rot,maxx-world.de,de
https://www.maxx-world.de/media/catalog/product/0/6/06918_inlay_de-en-fr-nl_a5_v1.pdf,Bedienungsanleitung,06918200125,EASYmaxx, Stand,https://www.maxx-world.de/media/catalog/product/cache/6/image/650x/040ec09b1e35df139433887a97daa66f/6/9/6918_13.jpg,https://www.maxx-world.de/marken/easymaxx/easymaxx-stand-up-paddle-board-2020-300-cm-weiss-blau,maxx-world.de,de
https://www.maxx-world.de/media/catalog/product/0/7/07810_07811_de-en-fr-nl_a4_v1_gallin_1.pdf,Bedienungsanleitung,07811200225,EASYmaxx, Solar,https://www.maxx-world.de/media/catalog/product/cache/6/image/650x/040ec09b1e35df139433887a97daa66f/7/8/7811_02.jpg,https://www.maxx-world.de/marken/easymaxx/easymaxx-solar-leuchte-stein-mit-farbwechsel-weiss,maxx-world.de,de
https://www.maxx-world.de/media/catalog/product/0/8/08737_de-en-fr-nl_a4_v2_gallin.pdf,Bedienungsanleitung,08737200333,EASYmaxx, Solar,https://www.maxx-world.de/media/catalog/product/cache/6/image/650x/040ec09b1e35df139433887a97daa66f/8/7/8737_01.jpg,https://www.maxx-world.de/marken/easymaxx/easymaxx-solar-erdmaennchen-familie,maxx-world.de,de
https://www.maxx-world.de/media/catalog/product/0/7/07810_07811_de-en-fr-nl_a4_v1_gallin.pdf,Bedienungsanleitung,07810200225,EASYmaxx, Solar,https://www.maxx-world.de/media/catalog/product/cache/6/image/650x/040ec09b1e35df139433887a97daa66f/7/8/7810_02.jpg,https://www.maxx-world.de/marken/easymaxx/easymaxx-solar-dekokugel-farbwechsel-weiss,maxx-world.de,de
https://www.maxx-world.de/media/catalog/product/0/1/01067_de-gb-fr-nl_a5_v0_gallin.pdf,Bedienungsanleitung,01067100600,EASYmaxx, Teppichshampoo,https://www.maxx-world.de/media/catalog/product/cache/6/image/650x/040ec09b1e35df139433887a97daa66f/1/0/1067_02_3.jpg,https://www.maxx-world.de/marken/easymaxx/easymaxx-teppichshampoo,maxx-world.de,de
https://www.maxx-world.de/media/catalog/product/0/5/05990_de-en_700x180mm_leporello_v1.pdf,Bedienungsanleitung,05990200425,EASYmaxx, Security Taschenlampe ,https://www.maxx-world.de/media/catalog/product/cache/6/image/650x/040ec09b1e35df139433887a97daa66f/5/9/5990_03.jpg,https://www.maxx-world.de/marken/easymaxx/easymaxx-security-taschenlampe-4000-lumen-schwarz,maxx-world.de,de
https://www.maxx-world.de/media/catalog/product/0/5/05952_de-en-fr-nl_a4_v1_1_gallin.pdf,Bedienungsanleitung,05952200425,EASYmaxx, Security Funktions,https://www.maxx-world.de/media/catalog/product/cache/6/image/650x/040ec09b1e35df139433887a97daa66f/5/9/5952_02.jpg,https://www.maxx-world.de/marken/easymaxx/easymaxx-security-funktions-taschenlampe-4-5v-in-schwarz,maxx-world.de,de
https://www.maxx-world.de/media/catalog/product/0/3/03445_de-en-fr-nl_a4_v1_gallin.pdf,Bedienungsanleitung,03445200625,EASYmaxx," Schädlingsabwehr ""Eule"" ",https://www.maxx-world.de/media/catalog/product/cache/6/image/650x/040ec09b1e35df139433887a97daa66f/3/4/3445_02.jpg,https://www.maxx-world.de/marken/easymaxx/easymaxx-schaedlingsabwehr-eule-ultraschall-und-blinklicht-braun,maxx-world.de,de
https://www.maxx-world.de/media/catalog/product/0/8/08278_de-en-fr-nl_a4_v1_gallin.pdf,Bedienungsanleitung,08278200426,EASYmaxx, Vergrößerungsbrille ,https://www.maxx-world.de/media/catalog/product/cache/6/image/650x/040ec09b1e35df139433887a97daa66f/8/2/8278_02.jpg,https://www.maxx-world.de/marken/easymaxx/easymaxx-vergroesserungsbrille-schwarz,maxx-world.de,de
https://www.maxx-world.de/media/catalog/product/0/7/07979_de-gb-fr-nl_v0_gallin.pdf,Bedienungsanleitung,07979200425,EASYmaxx, WC Intensiv,https://www.maxx-world.de/media/catalog/product/cache/6/image/650x/040ec09b1e35df139433887a97daa66f/7/9/7979_03.jpg,https://www.maxx-world.de/marken/easymaxx/easymaxx-wc-intensiv-schaum,maxx-world.de,de
https://www.maxx-world.de/media/catalog/product/0/1/01612_de-gb-fr-nl_v4_gallin.pdf,Bedienungsanleitung,01612200218,EASYmaxx, Wäscheständer in Grau/Rot,https://www.maxx-world.de/media/catalog/product/cache/6/image/650x/040ec09b1e35df139433887a97daa66f/0/1/01612.jpg,https://www.maxx-world.de/marken/easymaxx/easymaxx-waeschestaender-in-grau-rot,maxx-world.de,de
https://www.maxx-world.de/media/catalog/product/0/2/02508_de-en-fr-nl_a4_v1.1_gallin.pdf,Bedienungsanleitung,02508200126,EASYmaxx, Wäscheständer elektrisch weiß/türkis,https://www.maxx-world.de/media/catalog/product/cache/6/image/650x/040ec09b1e35df139433887a97daa66f/2/5/2508_02.jpg,https://www.maxx-world.de/marken/easymaxx/easymaxx-waeschestaender-elektrisch-weiss-tuerkis,maxx-world.de,de
https://www.maxx-world.de/media/catalog/product/0/7/07999_de-en-fr-nl_a4_v1_gallin.pdf,Bedienungsanleitung,07999200425,EASYmaxx, Vergrößerungsbrille LED ,https://www.maxx-world.de/media/catalog/product/cache/6/image/650x/040ec09b1e35df139433887a97daa66f/7/9/7999_10.jpg,https://www.maxx-world.de/marken/easymaxx/easymaxx-vergroesserungsbrille-led-vergroessert-um-ca-160-schwarz,maxx-world.de,de
https://www.maxx-world.de/media/catalog/product/0/1/01115_02066_de-en-fr-nl_330x140_v1.1.pdf,Bedienungsanleitung,01115200425,EASYmaxx, USB,https://www.maxx-world.de/media/catalog/product/cache/6/image/650x/040ec09b1e35df139433887a97daa66f/1/1/1115_03.jpg,https://www.maxx-world.de/marken/easymaxx/easymaxx-usb-feuerzeug-mit-gluehspirale-3-7v-200mah-silber,maxx-world.de,de
https://www.maxx-world.de/media/catalog/product/0/8/08443_de-en-fr-nl_a4_v2_gallin.pdf,Bedienungsanleitung,08443200425,EASYmaxx, Wanduhr mit Vogelstimmen ,https://www.maxx-world.de/media/catalog/product/cache/6/image/650x/040ec09b1e35df139433887a97daa66f/8/4/8443_03.jpg,https://www.maxx-world.de/marken/easymaxx/easymaxx-wanduhr-mit-vogelstimmen-12-singvogelstimmen-25-cm,maxx-world.de,de
https://www.maxx-world.de/media/catalog/product/0/5/05320_05327_05510_05513_de-en_fr_nl_a4_v4.1_gallin_1.pdf,Bedienungsanleitung,05510200127,EASYmaxx, LED,https://www.maxx-world.de/media/catalog/product/cache/6/image/650x/040ec09b1e35df139433887a97daa66f/5/5/5510_07.jpg,https://www.maxx-world.de/marken/easymaxx/easymaxx-led-dekosaeule-mit-planzschale-beton-optik-mandala-87-cm,maxx-world.de,de
https://www.maxx-world.de/media/catalog/product/0/8/08374_06842_de-en-fr-nl_v2_gallin_1.pdf,Bedienungsanleitung,08374200218,EASYmaxx, Radio Retro 6V ,https://www.maxx-world.de/media/catalog/product/cache/6/image/650x/040ec09b1e35df139433887a97daa66f/8/3/8374_03_1.jpg,https://www.maxx-world.de/marken/easymaxx/easymaxx-radio-retro-6v-vanille,maxx-world.de,de
https://www.maxx-world.de/media/catalog/product/0/4/04470_de-en-fr-nl_a4_v1_gallin.pdf,Bedienungsanleitung,04470200127,EASYmaxx, LED,https://www.maxx-world.de/media/catalog/product/cache/6/image/650x/040ec09b1e35df139433887a97daa66f/4/4/4470_03.jpg,https://www.maxx-world.de/marken/easymaxx/easymaxx-led-dekosaeule-mit-flammeneffekt-rost-optik-69-cm,maxx-world.de,de
https://www.maxx-world.de/media/catalog/product/0/1/01033_de-en-fr-nl_a4_v3_gallin.pdf,Bedienungsanleitung,01033200128,EASYmaxx, LED,https://www.maxx-world.de/media/catalog/product/cache/6/image/650x/040ec09b1e35df139433887a97daa66f/1/0/1033_03.jpg,https://www.maxx-world.de/marken/easymaxx/easymaxx-led-dekosaeule-gingko-beton-optik-68cm-3v,maxx-world.de,de
https://www.maxx-world.de/media/catalog/product/0/5/05320_05327_05510_05513_de-en_fr_nl_a4_v4.1_gallin_2.pdf,Bedienungsanleitung,05320200127,EASYmaxx, LED,https://www.maxx-world.de/media/catalog/product/cache/6/image/650x/040ec09b1e35df139433887a97daa66f/5/3/5320_12.jpg,https://www.maxx-world.de/marken/easymaxx/easymaxx-led-dekosaeule-beton-optik-mit-pflanzschale-sternschnuppe-ca-59-cm,maxx-world.de,de
https://www.maxx-world.de/media/catalog/product/0/5/05472_de-en-fr-nl_a4_v1_gallin.pdf,Bedienungsanleitung,05472500125,EASYmaxx, LED,https://www.maxx-world.de/media/catalog/product/cache/6/image/650x/040ec09b1e35df139433887a97daa66f/5/4/5472_02.jpg,https://www.maxx-world.de/marken/easymaxx/easymaxx-led-dekosaeule-3d-rost-optik-libelle-72-cm,maxx-world.de,de
https://www.maxx-world.de/media/catalog/product/0/4/04092_de-en-fr-nl_a4_v1_gallin.pdf,Bedienungsanleitung,04092200129,EASYmaxx, LED,https://www.maxx-world.de/media/catalog/product/cache/6/image/650x/040ec09b1e35df139433887a97daa66f/4/0/4092_02.jpg,https://www.maxx-world.de/marken/easymaxx/easymaxx-led-dekosaeule-mit-pflanzschale-72-cm,maxx-world.de,de
https://www.maxx-world.de/media/catalog/product/0/5/05887_de-en-fr-nl_a4_v3_gallin.pdf,Bedienungsanleitung,05887200225,EASYmaxx, LED TV,https://www.maxx-world.de/media/catalog/product/cache/6/image/650x/040ec09b1e35df139433887a97daa66f/5/8/5887_01.jpg,https://www.maxx-world.de/marken/easymaxx/easymaxx-led-tv-hintergrundbeleuchtung,maxx-world.de,de
https://www.maxx-world.de/media/catalog/product/0/4/04490_de-en-fr-nl_a4_v1_gallin_1.pdf,Bedienungsanleitung,04490200226,EASYmaxx, Garten,https://www.maxx-world.de/media/catalog/product/cache/6/image/650x/040ec09b1e35df139433887a97daa66f/4/4/4490_02.jpg,https://www.maxx-world.de/marken/easymaxx/easymaxx-garten-knie-sitzbank-faltbar-belastbar-bis-max-130-kg,maxx-world.de,de
https://www.maxx-world.de/media/catalog/product/0/8/08532_de-en-fr-nl_a4_v1_gallin.pdf,Bedienungsanleitung,08532200425,EASYmaxx, Fugenreiniger Outdoor ,https://www.maxx-world.de/media/catalog/product/cache/6/image/650x/040ec09b1e35df139433887a97daa66f/8/5/8532_11.jpg,https://www.maxx-world.de/marken/easymaxx/easymaxx-fugenreiniger-outdoor-anpassbare-teleskopstange-gruen,maxx-world.de,de
https://www.maxx-world.de/media/catalog/product/0/2/02978_de-en-fr-nl_a5_v1_gallin.pdf,Bedienungsanleitung,02978200125,EASYmaxx, Fugenreiniger elektrisch 140W ,https://www.maxx-world.de/media/catalog/product/cache/6/image/650x/040ec09b1e35df139433887a97daa66f/2/9/2978_03.jpg,https://www.maxx-world.de/marken/easymaxx/easymaxx-fugenreiniger-elektrisch-140w-gruen,maxx-world.de,de
https://www.maxx-world.de/media/catalog/product/0/7/07787_de-en-fr-nl_a4_v3_gallin.pdf,Bedienungsanleitung,07787200126,EASYmaxx, Flaschenkühler Outdoor,https://www.maxx-world.de/media/catalog/product/cache/6/image/650x/040ec09b1e35df139433887a97daa66f/7/7/7787_06_1.jpg,https://www.maxx-world.de/marken/easymaxx/easymaxx-flaschenkuehler-outdoor,maxx-world.de,de
https://www.maxx-world.de/media/catalog/product/0/3/03415_03419_de-en-fr-nl_a4_v1_gallin.pdf,Bedienungsanleitung,05480100198,EASYmaxx, Edelstahl,https://www.maxx-world.de/media/catalog/product/cache/6/image/650x/040ec09b1e35df139433887a97daa66f/0/5/05480.jpg,https://www.maxx-world.de/marken/easymaxx/easymaxx-edelstahl-leuchte-magic-touch-waldmotiv-2er-set-28-cm-schwarz,maxx-world.de,de
https://www.maxx-world.de/media/catalog/product/0/8/08165_de-gb-fr-nl_185x255_v1_gallin.pdf,Bedienungsanleitung,07892100198,EASYmaxx, Alkoholtester ,https://www.maxx-world.de/media/catalog/product/cache/6/image/650x/040ec09b1e35df139433887a97daa66f/0/7/07892.jpg,https://www.maxx-world.de/marken/easymaxx/easymaxx-alkoholtester-digital-mit-lcd-display-2er-set,maxx-world.de,de
https://www.maxx-world.de/media/catalog/product/0/8/08487_de-en-fr-nl_a4_v1_gallin_1.pdf,Bedienungsanleitung,08487200425,EASYmaxx, Akku,https://www.maxx-world.de/media/catalog/product/cache/6/image/650x/040ec09b1e35df139433887a97daa66f/8/4/8487_02.jpg,https://www.maxx-world.de/marken/easymaxx/easymaxx-akku-tischventilator-einstellbarer-neigungswinkel-weiss,maxx-world.de,de
https://www.maxx-world.de/media/catalog/product/0/8/08487_de-en-fr-nl_a4_v1_gallin.pdf,Bedienungsanleitung,08488200425,EASYmaxx, Akku,https://www.maxx-world.de/media/catalog/product/cache/6/image/650x/040ec09b1e35df139433887a97daa66f/8/4/8488_02.jpg,https://www.maxx-world.de/marken/easymaxx/easymaxx-akku-tischventilator-einstellbarer-neigungswinkel-schwarz,maxx-world.de,de
https://www.maxx-world.de/media/catalog/product/0/1/01378_de-en-fr-nl_a5_v1_gallin.pdf,Bedienungsanleitung,01378200125,CLEANmaxx, Dampfreiniger 5in1 12,https://www.maxx-world.de/media/catalog/product/cache/6/image/650x/040ec09b1e35df139433887a97daa66f/1/3/1378_01_1.jpg,https://www.maxx-world.de/marken/cleanmaxx/cleanmaxx-dampfreiniger-5in1-12-tlg-1500w-limegreen-weiss,maxx-world.de,de
https://www.maxx-world.de/media/catalog/product/0/1/01784_de-en-fr-nl_a5_v1_gallin.pdf,Bedienungsanleitung,01784200125,CLEANmaxx, Dampfbesen 1000W in Limegreen/Schwarz,https://www.maxx-world.de/media/catalog/product/cache/6/image/650x/040ec09b1e35df139433887a97daa66f/1/7/1784_02.jpg,https://www.maxx-world.de/marken/cleanmaxx/cleanmaxx-dampfbesen-1000w-in-limegreen-schwarz,maxx-world.de,de
https://www.maxx-world.de/media/catalog/product/0/0/00513_de-en-fr-nl_a4_v1_gallin.pdf,Bedienungsanleitung,00513200425,CLEANmaxx, Bügler,https://www.maxx-world.de/media/catalog/product/cache/6/image/650x/040ec09b1e35df139433887a97daa66f/0/5/0513_03.jpg,https://www.maxx-world.de/marken/cleanmaxx/cleanmaxx-buegler-aufsatz-fuer-hosen-silber-weiss,maxx-world.de,de
https://www.maxx-world.de/media/catalog/product/0/4/04074_inlay_de-en-fr-nl_a5_v1.pdf,Bedienungsanleitung,04074200125,CLEANmaxx, Akku,https://www.maxx-world.de/media/catalog/product/cache/6/image/650x/040ec09b1e35df139433887a97daa66f/4/0/4074_02.jpg,https://www.maxx-world.de/marken/cleanmaxx/cleanmaxx-akku-zyklon-staubsauger-pro-22-2-volt-weiss-rot,maxx-world.de,de
https://www.maxx-world.de/media/catalog/product/0/9/09196_09197_09218_inlay_de-en-fr-nl_a5_v2_gallin.pdf,Bedienungsanleitung,09218200125,CLEANmaxx, Akku,https://www.maxx-world.de/media/catalog/product/cache/6/image/650x/040ec09b1e35df139433887a97daa66f/9/2/9218_12.jpg,https://www.maxx-world.de/marken/cleanmaxx/cleanmaxx-akku-zyklon-staubsauger-22-2v,maxx-world.de,de
https://www.maxx-world.de/media/catalog/product/0/9/09107_ds_de-en-fr-nl_a5_v1_1_gallin.pdf,Bedienungsanleitung,09107200125,CLEANmaxx, Akku,https://www.maxx-world.de/media/catalog/product/cache/6/image/650x/040ec09b1e35df139433887a97daa66f/9/1/9107_02.jpg,https://www.maxx-world.de/marken/cleanmaxx/cleanmaxx-akku-zyklon-staubsauger-auf-80-cm-verlaengerbar-tuerkis-grau,maxx-world.de,de
https://www.maxx-world.de/media/catalog/product/h/s/hs2in1_de-en-fr-nl_a5_v8_gallin.pdf,Bedienungsanleitung,00973200425,CLEANmaxx, Akku,https://www.maxx-world.de/media/catalog/product/cache/6/image/650x/040ec09b1e35df139433887a97daa66f/0/9/0973_02.jpg,https://www.maxx-world.de/marken/cleanmaxx/cleanmaxx-akku-handstaubsauger-2in1-in-gelb-schwarz,maxx-world.de,de
https://www.maxx-world.de/media/catalog/product/0/5/05226_de-en-fr-nl_a4_v1.1_gallin.pdf,Bedienungsanleitung,05226200225,CLEANmaxx, Spray,https://www.maxx-world.de/media/catalog/product/cache/6/image/650x/040ec09b1e35df139433887a97daa66f/5/2/5226_02_1.jpg,https://www.maxx-world.de/marken/cleanmaxx/cleanmaxx-spray-mopp-2-kammer-system-inkl-mikrofaser-reinigungstuecher-tuerkis,maxx-world.de,de
https://www.maxx-world.de/media/catalog/product/0/9/09860_de-en-fr-nl_a5_v6_gallin.pdf,Bedienungsanleitung,09860200227,CLEANmaxx, Saugroboter 2in1 in Rot,https://www.maxx-world.de/media/catalog/product/cache/6/image/650x/040ec09b1e35df139433887a97daa66f/9/8/9860_02.jpg,https://www.maxx-world.de/marken/cleanmaxx/cleanmaxx-saugroboter-2in1-in-rot-schwarz,maxx-world.de,de
https://www.maxx-world.de/media/catalog/product/0/5/05549_de-en-fr-nl_a4_v2_gallin.pdf,Bedienungsanleitung,05549200125,CLEANmaxx, Power,https://www.maxx-world.de/media/catalog/product/cache/6/image/650x/040ec09b1e35df139433887a97daa66f/5/5/5549_08-frei.jpg,https://www.maxx-world.de/marken/cleanmaxx/cleanmaxx-power-wischmopp,maxx-world.de,de
https://www.maxx-world.de/media/catalog/product/0/9/09966_de-en-fr-nl_a4_v1_gallin.pdf,Bedienungsanleitung,09966500425,CLEANmaxx, Spray,https://www.maxx-world.de/media/catalog/product/cache/6/image/650x/040ec09b1e35df139433887a97daa66f/9/9/9966_04.jpg,https://www.maxx-world.de/marken/cleanmaxx/cleanmaxx-spray-mopp-2in-1-in-tuerkis-mit-wendefunktion,maxx-world.de,de
https://www.maxx-world.de/media/catalog/product/0/1/01375_de-en-fr-nl_a5_v2_gallin.pdf,Bedienungsanleitung,01375200225,CLEANmaxx, Multi,https://www.maxx-world.de/media/catalog/product/cache/6/image/650x/040ec09b1e35df139433887a97daa66f/1/3/1375_09.jpg,https://www.maxx-world.de/marken/cleanmaxx/cleanmaxx-multi-handstaubsauger-in-rot,maxx-world.de,de
https://www.maxx-world.de/media/catalog/product/0/4/04020_04438_de-en-fr-nl_a4_v2_gallin.pdf,Bedienungsanleitung,04020200125,CLEANmaxx, Komfort,https://www.maxx-world.de/media/catalog/product/cache/6/image/650x/040ec09b1e35df139433887a97daa66f/4/0/4020_02_1.jpg,https://www.maxx-world.de/marken/cleanmaxx/cleanmaxx-komfort-mopp-smart-2-kammern-system-blau,maxx-world.de,de
https://www.maxx-world.de/media/catalog/product/0/5/05156_de-en-fr-nl_a4_v1_gallin.pdf,Bedienungsanleitung,05156200425,CLEANmaxx, Komfort,https://www.maxx-world.de/media/catalog/product/cache/6/image/650x/040ec09b1e35df139433887a97daa66f/5/1/5156_02.jpg,https://www.maxx-world.de/marken/cleanmaxx/cleanmaxx-komfort-mopp-2-kammern-system-5-7-liter-rot-grau,maxx-world.de,de
https://www.maxx-world.de/media/catalog/product/e/w/ewt_de-en-fr-nl_a5_v3_gallin_1.pdf,Bedienungsanleitung,01660700425,CLEANmaxx, Ersatz,https://www.maxx-world.de/media/catalog/product/cache/6/image/650x/040ec09b1e35df139433887a97daa66f/1/6/1660_01_1.jpg,https://www.maxx-world.de/marken/cleanmaxx/cleanmaxx-ersatz-wischtuch-2er-set-tuerkis,maxx-world.de,de
https://www.maxx-world.de/media/catalog/product/0/0/00476_de-en-fr-nl_a5_v1.1_gallin.pdf,Bedienungsanleitung,00476200125,CLEANmaxx, Akku,https://www.maxx-world.de/media/catalog/product/cache/6/image/650x/040ec09b1e35df139433887a97daa66f/0/4/0476_02.jpg,https://www.maxx-world.de/marken/cleanmaxx/cleanmaxx-akku-vibrationsmopp-11-1v-weiss,maxx-world.de,de
https://www.maxx-world.de/media/catalog/product/0/9/09965_de-en-fr-nl_a5_v1_gallin.pdf,Bedienungsanleitung,09965500425,CLEANmaxx, Ersatz,https://www.maxx-world.de/media/catalog/product/cache/6/image/650x/040ec09b1e35df139433887a97daa66f/9/9/9965_01.jpg,https://www.maxx-world.de/marken/cleanmaxx/cleanmaxx-ersatz-wischtuch-2er-set-tuerkis-998,maxx-world.de,de
https://www.maxx-world.de/media/catalog/product/0/2/02979_inlay_de-en-fr-nl_a5_v1.pdf,Bedienungsanleitung,02979200425,CLEANmaxx, Dampfglätter faltbar ,https://www.maxx-world.de/media/catalog/product/cache/6/image/650x/040ec09b1e35df139433887a97daa66f/2/9/2979_07.jpg,https://www.maxx-world.de/marken/cleanmaxx/cleanmaxx-dampfglaetter-faltbar-1600w,maxx-world.de,de
https://www.maxx-world.de/media/catalog/product/0/2/02080_de-en-fr-nl_a5_v1_gallin.pdf,Bedienungsanleitung,02080200125,CLEANmaxx, Akku,https://www.maxx-world.de/media/catalog/product/cache/6/image/650x/040ec09b1e35df139433887a97daa66f/2/0/2080_02.jpg,https://www.maxx-world.de/marken/cleanmaxx/cleanmaxx-akku-spray-mopp-360-rotation-tuerkis-weiss,maxx-world.de,de
https://www.maxx-world.de/media/catalog/product/0/3/03416_03807_de-en-fr-nl_a5_v1.2_gallin.pdf,Bedienungsanleitung,03807200225,CLEANmaxx, Akku,https://www.maxx-world.de/media/catalog/product/cache/6/image/650x/040ec09b1e35df139433887a97daa66f/3/8/3807_02.jpg,https://www.maxx-world.de/marken/cleanmaxx/cleanmaxx-akku-milben-handstaubsauger-mit-uv-c-licht-rot-weiss,maxx-world.de,de
https://www.maxx-world.de/media/catalog/product/0/6/06259_07833_09847_de-en-fr-nl_a5_v10_gallin_1.pdf,Bedienungsanleitung,09847200125,CLEANmaxx, Zyklon,https://www.maxx-world.de/media/catalog/product/cache/6/image/650x/040ec09b1e35df139433887a97daa66f/9/8/9847_07.jpg,https://www.maxx-world.de/marken/cleanmaxx/cleanmaxx-zyklon-handstaubsauger-akku-sensation-blau-grau,maxx-world.de,de
https://www.maxx-world.de/media/catalog/product/0/7/07846_de-en-fr-nl_a4_v1_gallin.pdf,Bedienungsanleitung,07846200125,CLEANmaxx, Wischmopp ,https://www.maxx-world.de/media/catalog/product/cache/6/image/650x/040ec09b1e35df139433887a97daa66f/7/8/7846_02.jpg,https://www.maxx-world.de/marken/cleanmaxx/cleanmaxx-wischmopp-mit-integrierter-auswringfunktion-tuerkis-grau,maxx-world.de,de
https://www.maxx-world.de/media/catalog/product/0/7/07338_de-gb-fr-nl_v2_gallin.pdf,Bedienungsanleitung,07023200125,CLEANmaxx, Zyklon,https://www.maxx-world.de/media/catalog/product/cache/6/image/650x/040ec09b1e35df139433887a97daa66f/7/3/7338_02-frei.jpg,https://www.maxx-world.de/marken/cleanmaxx/cleanmaxx-zyklon-staubsauger-pet-star-700-w-in-orange-silber,maxx-world.de,de
https://www.maxx-world.de/media/catalog/product/z/b/zbs_de-en-fr-nl_a5_v5_gallin_4.pdf,Bedienungsanleitung,09069200126,CLEANmaxx, Zyklon,https://www.maxx-world.de/media/catalog/product/cache/6/image/650x/040ec09b1e35df139433887a97daa66f/9/0/9069_02_1.jpg,https://www.maxx-world.de/marken/cleanmaxx/cleanmaxx-zyklon-staubsauger-beutellos-rot-grau,maxx-world.de,de
https://www.maxx-world.de/media/catalog/product/0/9/09996_de-en-fr-nl_a4_v1_gallin.pdf,Bedienungsanleitung,09996200125,CLEANmaxx, Wischsystem Komfort,https://www.maxx-world.de/media/catalog/product/cache/6/image/650x/040ec09b1e35df139433887a97daa66f/9/9/9996_02_1.jpg,https://www.maxx-world.de/marken/cleanmaxx/cleanmaxx-wischsystem-komfort-mopp-grau-gruen,maxx-world.de,de
https://www.maxx-world.de/media/catalog/product/0/8/08004_de-en-fr-nl_a4_v1_gallin.pdf,Bedienungsanleitung,08004200126,CLEANmaxx, Spray,https://www.maxx-world.de/media/catalog/product/cache/6/image/650x/040ec09b1e35df139433887a97daa66f/8/0/8004_02.jpg,https://www.maxx-world.de/marken/cleanmaxx/cleanmaxx-spray-mopp-mit-600ml-tank-in-limegreen,maxx-world.de,de
https://www.maxx-world.de/media/catalog/product/s/m/smf_de-en-fr-nl_a4_v3_gallin.pdf,Bedienungsanleitung,04061200225,CLEANmaxx, Spray,https://www.maxx-world.de/media/catalog/product/cache/6/image/650x/040ec09b1e35df139433887a97daa66f/4/0/4061_02_1.jpg,https://www.maxx-world.de/marken/cleanmaxx/cleanmaxx-spray-mopp-flexibel-in-rot,maxx-world.de,de
https://www.maxx-world.de/media/catalog/product/0/9/09966_de-en-fr-nl_a4_v1_gallin_1.pdf,Bedienungsanleitung,04250100198,CLEANmaxx, Spray,https://www.maxx-world.de/media/catalog/product/cache/6/image/650x/040ec09b1e35df139433887a97daa66f/0/9/09966_09965_2.jpg,https://www.maxx-world.de/marken/cleanmaxx/cleanmaxx-spray-mopp-2in1-in-tuerkis-mit-2x-ersatz-wischtuch,maxx-world.de,de
https://www.maxx-world.de/media/catalog/product/0/3/03406_de-en-fr-nl_a5_v1_gallin.pdf,Bedienungsanleitung,03406200225,CLEANmaxx, Milben,https://www.maxx-world.de/media/catalog/product/cache/6/image/650x/040ec09b1e35df139433887a97daa66f/3/4/3406_02.jpg,https://www.maxx-world.de/marken/cleanmaxx/cleanmaxx-milben-handstaubsauger-mit-uv-c-licht-reinigen-desinfizieren-in-einem-schritt,maxx-world.de,de
https://www.maxx-world.de/media/catalog/product/0/7/07107_de-en-fr-nl_a5_v2_gallin.pdf,Bedienungsanleitung,07107200125,CLEANmaxx, Teppichreiniger Professional 800 W in Schwarz/Grün mit Teppichshampoo,https://www.maxx-world.de/media/catalog/product/cache/6/image/650x/040ec09b1e35df139433887a97daa66f/7/1/7107_01_1.jpg,https://www.maxx-world.de/marken/cleanmaxx/cleanmaxx-teppichreiniger-professional-800-w-in-schwarz-gruen-mit-teppichshampoo,maxx-world.de,de
https://www.maxx-world.de/media/catalog/product/0/1/01463_de-en-fr-nl_a5_v1_gallin.pdf,Bedienungsanleitung,01463200425,CLEANmaxx, Akku,https://www.maxx-world.de/media/catalog/product/cache/6/image/650x/040ec09b1e35df139433887a97daa66f/1/4/1463_02.jpg,https://www.maxx-world.de/marken/cleanmaxx/cleanmaxx-akku-handstaubsauger-nass-und-trockensauger-rot-schwarz,maxx-world.de,de
https://www.maxx-world.de/media/catalog/product/a/h/ahs_de-en-fr-nl_a5_v5_gallin_3.pdf,Bedienungsanleitung,04380200225,CLEANmaxx, Akku,https://www.maxx-world.de/media/catalog/product/cache/6/image/650x/040ec09b1e35df139433887a97daa66f/4/3/4380_01a.jpg,https://www.maxx-world.de/marken/cleanmaxx/cleanmaxx-akku-handsauger-2in1-nass-trocken,maxx-world.de,de
https://www.maxx-world.de/media/catalog/product/0/0/00332_01147_01599_02304_02930_de-en-fr-nl_a5_v7_gallin.pdf,Bedienungsanleitung,02304200425,CLEANmaxx, Akku,https://www.maxx-world.de/media/catalog/product/cache/6/image/650x/040ec09b1e35df139433887a97daa66f/2/3/2304_03.jpg,https://www.maxx-world.de/marken/cleanmaxx/cleanmaxx-akku-fensterreiniger-3-7-v-in-gelb-mit-verlaengerungsstange,maxx-world.de,de
https://www.maxx-world.de/media/catalog/product/0/6/06229_de-en-fr-nl_a5_v1_gallin.pdf,Bedienungsanleitung,06229200419,FC BAYERN MÜNCHEN, Körperanalyse,https://www.maxx-world.de/media/catalog/product/cache/6/image/650x/040ec09b1e35df139433887a97daa66f/6/2/6229_01.jpg,https://www.maxx-world.de/marken/fc-bayern-muenchen/fc-bayern-muenchen-koerperanalyse-waage-mit-bluetoothr-gesundheits-app,maxx-world.de,de
https://www.maxx-world.de/media/catalog/product/0/2/02838_de-en-fr-nl_a4_v1_gallin.pdf,Bedienungsanleitung,02838200419,FC BAYERN MÜNCHEN, Dosen,https://www.maxx-world.de/media/catalog/product/cache/6/image/650x/040ec09b1e35df139433887a97daa66f/2/8/2838_04.jpg,https://www.maxx-world.de/marken/fc-bayern-muenchen/fc-bayern-muenchen-dosen-kuehltasche-fuer-bis-zu-5-halbliterdosen-70-cm-blau-rot,maxx-world.de,de
