Type,brand,file_urls,model,product,product_lang,source,thumb,url
Operating Manual,hunterfan.de,"https://cdn.shopify.com/s/files/1/0542/0698/8471/files/MB024_-_51493-51494_Builder_Elite_OD.pdf?v=1643331123"" title=""Bedienungsanleitung Hunter Deckenventilator Builder Elite OD", Builder Elite Outdoor Damp ,Ceiling Fan,en,hunterfan.de,http://cdn.shopify.com/s/files/1/0542/0698/8471/products/hunter-deckenventilator-builder-elite-outdoor-damp-132cm-premiere-bronze-453851_5000x.jpg?v=1643348819,https://hunterfan.de/en/products/builer-elite-outdoor-damp-132cm-premier-bronze
Operating Manual,Hunter,https://cdn.shopify.com/s/files/1/0542/0698/8471/files/MB546_Loki_r110719.pdf?v=1618904490, Loki ,Ceiling Fan,en,hunterfan.de,http://cdn.shopify.com/s/files/1/0542/0698/8471/products/hunter-deckenventilator-loki-132-cm-242740_5000x.jpg?v=1631664345,https://hunterfan.de/en/products/hunter-loki-deckenventilator
Operating Manual,hunterfan.de,https://cdn.shopify.com/s/files/1/0542/0698/8471/files/MB024_-_51493-51494_Builder_Elite_OD.pdf?v=1643331123, Builder Elite Outdoor Damp ,Ceiling Fan,en,hunterfan.de,http://cdn.shopify.com/s/files/1/0542/0698/8471/products/hunter-deckenventilator-builder-elite-outdoor-damp-132cm-frisches-weiss-558146_5000x.jpg?v=1643348818,https://hunterfan.de/en/products/builer-elite-outdoor-damp-132cm-freisches-weiss
Operating Manual,Hunter,https://cdn.shopify.com/s/files/1/0542/0698/8471/files/MB547_Mercado_r111419.pdf?v=1626162617, Mercado ,Ceiling Fan,en,hunterfan.de,http://cdn.shopify.com/s/files/1/0542/0698/8471/products/hunter-deckenventilator-mercado-127-cm-690729_5000x.jpg?v=1631664329,https://hunterfan.de/en/products/hunter-mercado-deckenventilator
Operating Manual,hunterfan.de,"https://cdn.shopify.com/s/files/1/0542/0698/8471/files/MB553_-_50938-50939_Gilmour.pdf?v=1643318029"" target=""_blank"" title=""Bedienungsanleitung Hunter Deckenventilator Gilmour", Gilmour ,Ceiling Fan,en,hunterfan.de,http://cdn.shopify.com/s/files/1/0542/0698/8471/products/hunter-deckenventilator-gilmour-132cm-weiss-matt-855541_5000x.jpg?v=1643348877,https://hunterfan.de/en/products/hunter-deckenventilator-gilmour
Operating Manual,hunterfan.de,"https://cdn.shopify.com/s/files/1/0542/0698/8471/files/MB553_-_50938-50939_Gilmour.pdf?v=1643318029"" title=""Bedienungsanleitung Hunter Deckenventilator Gilmour", Gilmour ,Ceiling Fan,en,hunterfan.de,http://cdn.shopify.com/s/files/1/0542/0698/8471/products/hunter-deckenventilator-gilmour-132cm-silber-matt-664551_5000x.jpg?v=1643348813,https://hunterfan.de/en/products/hunter-deckenventilator-gilmour-132cm-nickel-matt
Operating Manual,Hunter,https://cdn.shopify.com/s/files/1/0542/0698/8471/files/Hunter_Fan_Santorini_50648_OM.pdf?v=1618904489, Santorini ,Ceiling Fan,en,hunterfan.de,http://cdn.shopify.com/s/files/1/0542/0698/8471/products/hunter-deckenventilator-santorini-132cm-715667_5000x.jpg?v=1631703280,https://hunterfan.de/en/products/hunter-santorini-deckenventilator
Operating Manual,Hunter,https://cdn.shopify.com/s/files/1/0542/0698/8471/files/MB544_9-lang_claudette_r092019.pdf?v=1626162617, Claudette ,Ceiling Fan,en,hunterfan.de,http://cdn.shopify.com/s/files/1/0542/0698/8471/products/hunter-deckenventilator-claudette-132-cm-100823_5000x.jpg?v=1640100316,https://hunterfan.de/en/products/hunter-claudette-deckenventilator
Operating Manual,Hunter,https://cdn.shopify.com/s/files/1/0542/0698/8471/files/Hunter_Fan_Harmony_50626_OM.pdf?v=1618904490, Harmony ,Ceiling Fan,en,hunterfan.de,http://cdn.shopify.com/s/files/1/0542/0698/8471/products/hunter-deckenventilator-harmony-137cm-170882_5000x.jpg?v=1631703240,https://hunterfan.de/en/products/hunter-harmony-deckenventilator-mit-licht
Operating Manual,Hunter,https://cdn.shopify.com/s/files/1/0542/0698/8471/files/Trimaran_OM.pdf?v=1626779143, Trimaran ,Ceiling Fan,en,hunterfan.de,http://cdn.shopify.com/s/files/1/0542/0698/8471/products/hunter-deckenventilator-trimaran-132cm-551064_5000x.jpg?v=1631703159,https://hunterfan.de/en/products/hunter-trimaran-deckenventilator
Operating Manual,Hunter,https://cdn.shopify.com/s/files/1/0542/0698/8471/files/MB545_9-lang_Beck_r092019.pdf?v=1626162617, Beck ,Ceiling Fan,en,hunterfan.de,http://cdn.shopify.com/s/files/1/0542/0698/8471/products/hunter-deckenventilator-beck-107-cm-456419_5000x.jpg?v=1631664295,https://hunterfan.de/en/products/hunter-beck-deckenventilator
Operating Manual,Hunter,https://cdn.shopify.com/s/files/1/0542/0698/8471/files/Hunter_Fan_Central_Park_50618_50619_OM.pdf?v=1618904489, Central Park ,Ceiling Fan,en,hunterfan.de,http://cdn.shopify.com/s/files/1/0542/0698/8471/products/hunter-deckenventilator-central-park-107cm-556291_5000x.jpg?v=1631664277,https://hunterfan.de/en/products/hunter-central-park-deckenventilator-mit-licht
Operating Manual,Hunter,https://cdn.shopify.com/s/files/1/0542/0698/8471/files/Hunter_Fan_Hunter_Original_50681_50685_OM.pdf?v=1618904489, Original ,Ceiling Fan,en,hunterfan.de,http://cdn.shopify.com/s/files/1/0542/0698/8471/products/hunter-deckenventilator-original-132cm-245048_5000x.jpg?v=1631664336,https://hunterfan.de/en/products/hunter-original-deckenventilator
Operating Manual,Hunter,https://cdn.shopify.com/s/files/1/0542/0698/8471/files/Hunter_Fan_Stile_50641_50640_OM.pdf?v=1618904489, Stile ,Ceiling Fan,en,hunterfan.de,http://cdn.shopify.com/s/files/1/0542/0698/8471/products/hunter-deckenventilator-stile-117cm-505903_5000x.jpg?v=1631664332,https://hunterfan.de/en/products/hunter-stile-deckenventilator
Operating Manual,Hunter,https://cdn.shopify.com/s/files/1/0542/0698/8471/files/Hunter_Fan_Kohala_Bay_50610_OM.pdf?v=1618904492, Kohala Bay ,Ceiling Fan,en,hunterfan.de,http://cdn.shopify.com/s/files/1/0542/0698/8471/products/hunter-deckenventilator-kohala-bay-122cm-986770_5000x.jpg?v=1631664339,https://hunterfan.de/en/products/hunter-kohala-bay-deckenventilator
Operating Manual,Hunter,https://cdn.shopify.com/s/files/1/0542/0698/8471/files/MB500_r022520_Sonic_50665-6.pdf?v=1618904489, Sonic ,Ceiling Fan,en,hunterfan.de,http://cdn.shopify.com/s/files/1/0542/0698/8471/products/hunter-deckenventilator-sonic-132cm-674928_5000x.jpg?v=1631664340,https://hunterfan.de/en/products/hunter-sonic-deckenventilator-mit-licht
Operating Manual,Hunter,https://cdn.shopify.com/s/files/1/0542/0698/8471/files/Hunter_Fan_Savoy_24520_24521_24524_24525_24526_OM.pdf?v=1618904489, Savoy ,Ceiling Fan,en,hunterfan.de,http://cdn.shopify.com/s/files/1/0542/0698/8471/products/hunter-deckenventilator-savoy-132cm-968894_5000x.jpg?v=1650888112,https://hunterfan.de/en/products/hunter-savoy-deckenventilator
Operating Manual,Hunter,https://cdn.shopify.com/s/files/1/0542/0698/8471/files/Hunter_Fan_Seville_II_24034_24037_24038_24039_OM.pdf?v=1618904489, Seville II ,Ceiling Fan,en,hunterfan.de,http://cdn.shopify.com/s/files/1/0542/0698/8471/products/hunter-deckenventilator-seville-ii-112cm-407941_5000x.jpg?v=1631664333,https://hunterfan.de/en/products/hunter-seville-deckenventilator
Operating Manual,Hunter,https://cdn.shopify.com/s/files/1/0542/0698/8471/files/Hunter_Outdoor_Elements_II_24323_24324_24325_24326_OM.pdf?v=1618904489, Outdoor Elements II ,Ceiling Fan,en,hunterfan.de,http://cdn.shopify.com/s/files/1/0542/0698/8471/products/hunter-deckenventilator-outdoor-elements-ii-132cm-283746_5000x.jpg?v=1631664335,https://hunterfan.de/en/products/hunter-elements-ii-deckenventilator
Operating Manual,Hunter,https://cdn.shopify.com/s/files/1/0542/0698/8471/files/Hunter_Outdoor_Elements_II_24323_24324_24325_24326_OM.pdf?v=1618904489, Outdoor Elements II ,Ceiling Fan,en,hunterfan.de,http://cdn.shopify.com/s/files/1/0542/0698/8471/products/hunter-deckenventilator-outdoor-elements-ii-137cm-690264_5000x.jpg?v=1631664320,https://hunterfan.de/en/products/hunter-elements-ii-deckenventilator-1
Operating Manual,Hunter,https://cdn.shopify.com/s/files/1/0542/0698/8471/files/Hunter_Fan_Maribel_50555_50557_OM.pdf?v=1618904490, Maribel ,Ceiling Fan,en,hunterfan.de,http://cdn.shopify.com/s/files/1/0542/0698/8471/products/hunter-deckenventilator-maribel-132cm-445307_5000x.jpg?v=1631664336,https://hunterfan.de/en/products/hunter-maribel-deckenventilator
Operating Manual,Hunter,https://cdn.shopify.com/s/files/1/0542/0698/8471/files/Hunter_Fan_Galileo_50620_50621_OM.pdf?v=1618904489, Galileo ,Ceiling Fan,en,hunterfan.de,http://cdn.shopify.com/s/files/1/0542/0698/8471/products/hunter-deckenventilator-galileo-122cm-621424_5000x.jpg?v=1631664329,https://hunterfan.de/en/products/hunter-galileo-deckenventilator-mit-licht
Operating Manual,Hunter,https://cdn.shopify.com/s/files/1/0542/0698/8471/files/Hunter_Fan_Industrie_II_24542_24545_24547_OM.pdf?v=1618904489, Industrie II ,Ceiling Fan,en,hunterfan.de,http://cdn.shopify.com/s/files/1/0542/0698/8471/products/hunter-deckenventilator-industrie-ii-132cm-144108_5000x.jpg?v=1631664328,https://hunterfan.de/en/products/hunter-industrie-ii-deckenventilator
Operating Manual,Hunter,https://cdn.shopify.com/s/files/1/0542/0698/8471/files/Hunter_Fan_Low_Profile_II_24372_27377_OM.pdf?v=1618904489, Low Profile III 132cm plus ,Ceiling Fan,en,hunterfan.de,http://cdn.shopify.com/s/files/1/0542/0698/8471/products/hunter-deckenventilator-low-profile-iii-132cm-plus-112cm-117890_5000x.jpg?v=1631664328,https://hunterfan.de/en/products/hunter-low-profile-deckenventilator
Operating Manual,Hunter,https://cdn.shopify.com/s/files/1/0542/0698/8471/files/Hunter_Kennicott_owners_manual_fb09105d-f56a-42bb-957f-f33457f632f0.pdf?v=1625566117, Kennicott ,Ceiling Fan,en,hunterfan.de,http://cdn.shopify.com/s/files/1/0542/0698/8471/products/hunter-deckenventilator-kennicott-112cm-326070_5000x.jpg?v=1631702956,https://hunterfan.de/en/products/hunter-kennicott-deckenventilator
Operating Manual,Hunter,https://cdn.shopify.com/s/files/1/0542/0698/8471/files/Hunter_Fan_Finley_50644_50643_OM.pdf?v=1618904489, Finley ,Ceiling Fan,en,hunterfan.de,http://cdn.shopify.com/s/files/1/0542/0698/8471/products/hunter-deckenventilator-finley-91-cm-772210_5000x.jpg?v=1631702892,https://hunterfan.de/en/products/hunter-finley-deckenventilator-mit-licht
Operating Manual,Hunter,https://cdn.shopify.com/s/files/1/0542/0698/8471/files/Hunter_Fan_Nova_50616_50617_OM.pdf?v=1618904491, Nova ,Ceiling Fan,en,hunterfan.de,http://cdn.shopify.com/s/files/1/0542/0698/8471/products/hunter-deckenventilator-nova-107cm-426194_5000x.jpg?v=1631664329,https://hunterfan.de/en/products/hunter-nova-deckenventilator-mit-licht
Operating Manual,Hunter,https://cdn.shopify.com/s/files/1/0542/0698/8471/files/Hunter_Fan_Flight_50630_OM.pdf?v=1618904489, Flight ,Ceiling Fan,en,hunterfan.de,http://cdn.shopify.com/s/files/1/0542/0698/8471/products/hunter-deckenventilator-flight-132cm-542511_5000x.jpg?v=1631664323,https://hunterfan.de/en/products/hunter-flight-deckenventilator
Operating Manual,Hunter,https://cdn.shopify.com/s/files/1/0542/0698/8471/files/Hunter_Fan_Dante_50628_50629_OM.pdf?v=1618904489, Dante ,Ceiling Fan,en,hunterfan.de,http://cdn.shopify.com/s/files/1/0542/0698/8471/products/hunter-deckenventilator-dante-112cm-561299_5000x.jpg?v=1631703045,https://hunterfan.de/en/products/hunter-dante-deckenventilator-mit-licht
Operating Manual,Hunter,https://cdn.shopify.com/s/files/1/0542/0698/8471/files/Hunter_Fan_Contempo_50612_50613_OM.pdf?v=1618904489, Contempo ,Ceiling Fan,en,hunterfan.de,http://cdn.shopify.com/s/files/1/0542/0698/8471/products/hunter-deckenventilator-contempo-132cm-838536_5000x.jpg?v=1631664293,https://hunterfan.de/en/products/hunter-contempo-deckenventilator-mit-licht
Operating Manual,Hunter,https://cdn.shopify.com/s/files/1/0542/0698/8471/files/Hunter_Fan_Carera_24241_24243_24246_OM.pdf?v=1618904489, Carera ,Ceiling Fan,en,hunterfan.de,http://cdn.shopify.com/s/files/1/0542/0698/8471/products/hunter-deckenventilator-carera-132cm-541128_5000x.jpg?v=1631664276,https://hunterfan.de/en/products/hunter-carera-deckenventilator
Operating Manual,Hunter,https://cdn.shopify.com/s/files/1/0542/0698/8471/files/Hunter_Fan_Caribbean_Breeze_24457_OM.pdf?v=1618904489, Caribbean Breeze ,Ceiling Fan,en,hunterfan.de,http://cdn.shopify.com/s/files/1/0542/0698/8471/products/hunter-deckenventilator-caribbean-breeze-137cm-149606_5000x.jpg?v=1631702825,https://hunterfan.de/en/products/hunter-caribbean-breeze-deckenventilator-mit-licht
Operating Manual,Hunter,https://cdn.shopify.com/s/files/1/0542/0698/8471/files/Hunter_Fan_Builder_Plus_50560_50561_50562_OM.pdf?v=1618904489, Builder Plus ,Ceiling Fan,en,hunterfan.de,http://cdn.shopify.com/s/files/1/0542/0698/8471/products/hunter-deckenventilator-builder-plus-132cm-977804_5000x.jpg?v=1631702727,https://hunterfan.de/en/products/hunter-builder-plus-deckenventilator-mit-licht
Operating Manual,Hunter,https://cdn.shopify.com/s/files/1/0542/0698/8471/files/Hunter_Fan_Cabo_Frio_50634_50635_50638_OM.pdf?v=1618904489, Cabo Frio ,Ceiling Fan,en,hunterfan.de,http://cdn.shopify.com/s/files/1/0542/0698/8471/products/hunter-deckenventilator-cabo-frio-132cm-564625_5000x.jpg?v=1631664278,https://hunterfan.de/en/products/hunter-cabo-frio-deckenventilator
Operating Manual,Hunter,https://cdn.shopify.com/s/files/1/0542/0698/8471/files/Hunter_Fan_Builder_Deluxe_50570_50571_50572_OM.pdf?v=1618904489, Builder Deluxe ,Ceiling Fan,en,hunterfan.de,http://cdn.shopify.com/s/files/1/0542/0698/8471/products/hunter-deckenventilator-builder-deluxe-132cm-449094_5000x.jpg?v=1631702529,https://hunterfan.de/en/products/hunter-builder-deluxe-deckenventilator-mit-licht
Operating Manual,Hunter,https://cdn.shopify.com/s/files/1/0542/0698/8471/files/Hunter_Fan_Bayport_24170_24174_24179_OM.pdf?v=1618904490, Bayport ,Ceiling Fan,en,hunterfan.de,http://cdn.shopify.com/s/files/1/0542/0698/8471/products/hunter-deckenventilator-bayport-107cm-698382_5000x.jpg?v=1631664279,https://hunterfan.de/en/products/hunter-bayport-deckenventilator
Operating Manual,Hunter,https://cdn.shopify.com/s/files/1/0542/0698/8471/files/Hunter_Fan_Arcot_50646_50647_OM.pdf?v=1618904489, Arcot ,Ceiling Fan,en,hunterfan.de,http://cdn.shopify.com/s/files/1/0542/0698/8471/products/hunter-deckenventilator-arcot-117cm-771604_5000x.jpg?v=1631664301,https://hunterfan.de/en/products/hunter-arcot-deckenventilator
Operating Manual,Hunter,https://cdn.shopify.com/s/files/1/0542/0698/8471/files/Hunter_Fan_Builder_Elite_50565_50566_50567_OM.pdf?v=1618904492, Builder Elite ,Ceiling Fan,en,hunterfan.de,http://cdn.shopify.com/s/files/1/0542/0698/8471/products/hunter-deckenventilator-builder-elite-132cm-522328_5000x.jpg?v=1631702782,https://hunterfan.de/en/products/hunter-builder-elite-deckenventilator
